,molecule,bond_index,bond_type,fragment1,fragment2,delta_assigned_stereo,delta_unassigned_stereo,BDE,predicted,is_metab_site,mol_id
0,NC(=O)N1c2ccccc2C=Cc2ccccc21,22,C-H,[H],NC(=O)N1c2[c]cccc2C=Cc2ccccc21,0,0,112.46,110.44206000000001,False,1013
1,NC(=O)N1c2ccccc2C=Cc2ccccc21,23,C-H,[H],NC(=O)N1c2c[c]ccc2C=Cc2ccccc21,0,0,111.34,111.357155,False,1013
2,NC(=O)N1c2ccccc2C=Cc2ccccc21,24,C-H,[H],NC(=O)N1c2cc[c]cc2C=Cc2ccccc21,0,0,111.46,111.959305,False,1013
3,NC(=O)N1c2ccccc2C=Cc2ccccc21,25,C-H,[H],NC(=O)N1c2ccc[c]c2C=Cc2ccccc21,0,0,111.34,111.24238600000001,False,1013
4,NC(=O)N1c2ccccc2C=Cc2ccccc21,26,C-H,[H],NC(=O)N1c2ccccc2[C]=Cc2ccccc21,0,0,107.07,109.82118,True,1013
5,CCN(C(C)=O)c1cccc(-c2ccnc3c(C#N)cnn23)c1,25,C-H,[H],[CH2]CN(C(C)=O)c1cccc(-c2ccnc3c(C#N)cnn23)c1,0,0,,,False,1018
6,CCN(C(C)=O)c1cccc(-c2ccnc3c(C#N)cnn23)c1,28,C-H,[H],C[CH]N(C(C)=O)c1cccc(-c2ccnc3c(C#N)cnn23)c1,0,0,,,True,1018
7,CCN(C(C)=O)c1cccc(-c2ccnc3c(C#N)cnn23)c1,30,C-H,[H],[CH2]C(=O)N(CC)c1cccc(-c2ccnc3c(C#N)cnn23)c1,0,0,,,False,1018
8,CCN(C(C)=O)c1cccc(-c2ccnc3c(C#N)cnn23)c1,33,C-H,[H],CCN(C(C)=O)c1[c]ccc(-c2ccnc3c(C#N)cnn23)c1,0,0,,,False,1018
9,CCN(C(C)=O)c1cccc(-c2ccnc3c(C#N)cnn23)c1,34,C-H,[H],CCN(C(C)=O)c1c[c]cc(-c2ccnc3c(C#N)cnn23)c1,0,0,,,False,1018
10,CCN(C(C)=O)c1cccc(-c2ccnc3c(C#N)cnn23)c1,35,C-H,[H],CCN(C(C)=O)c1cc[c]c(-c2ccnc3c(C#N)cnn23)c1,0,0,,,False,1018
11,CCN(C(C)=O)c1cccc(-c2ccnc3c(C#N)cnn23)c1,36,C-H,[H],CCN(C(C)=O)c1cccc(-c2[c]cnc3c(C#N)cnn23)c1,0,0,,,False,1018
12,CCN(C(C)=O)c1cccc(-c2ccnc3c(C#N)cnn23)c1,37,C-H,[H],CCN(C(C)=O)c1cccc(-c2c[c]nc3c(C#N)cnn23)c1,0,0,,,False,1018
13,CCN(C(C)=O)c1cccc(-c2ccnc3c(C#N)cnn23)c1,38,C-H,[H],CCN(C(C)=O)c1cccc(-c2ccnc3c(C#N)[c]nn23)c1,0,0,,,False,1018
14,CCN(C(C)=O)c1cccc(-c2ccnc3c(C#N)cnn23)c1,39,C-H,[H],CCN(C(C)=O)c1[c]c(-c2ccnc3c(C#N)cnn23)ccc1,0,0,,,False,1018
15,CC12CCC(=O)C=C1CCC1C2C(O)CC2(C)C1CCC2(O)C(=O)CO,29,C-H,[H],[CH2]C12CCC(=O)C=C1CCC1C2C(O)CC2(C)C1CCC2(O)C(=O)CO,0,0,98.74,99.43199,False,1062
16,CC12CCC(=O)C=C1CCC1C2C(O)CC2(C)C1CCC2(O)C(=O)CO,32,C-H,[H],CC12[CH]CC(=O)C=C1CCC1C2C(O)CC2(C)C1CCC2(O)C(=O)CO,0,0,95.72,96.75591999999999,False,1062
17,CC12CCC(=O)C=C1CCC1C2C(O)CC2(C)C1CCC2(O)C(=O)CO,34,C-H,[H],CC12C[CH]C(=O)C=C1CCC1C2C(O)CC2(C)C1CCC2(O)C(=O)CO,0,0,90.69,90.769806,False,1062
18,CC12CCC(=O)C=C1CCC1C2C(O)CC2(C)C1CCC2(O)C(=O)CO,36,C-H,[H],CC12CCC(=O)[C]=C1CCC1C2C(O)CC2(C)C1CCC2(O)C(=O)CO,0,0,,,False,1062
19,CC12CCC(=O)C=C1CCC1C2C(O)CC2(C)C1CCC2(O)C(=O)CO,37,C-H,[H],CC12CCC(=O)C=C1[CH]CC1C2C(O)CC2(C)C1CCC2(O)C(=O)CO,0,0,80.64,83.58075,True,1062
20,CC12CCC(=O)C=C1CCC1C2C(O)CC2(C)C1CCC2(O)C(=O)CO,39,C-H,[H],CC12CCC(=O)C=C1C[CH]C1C2C(O)CC2(C)C1CCC2(O)C(=O)CO,0,0,95.6,96.72001999999999,False,1062
21,CC12CCC(=O)C=C1CCC1C2C(O)CC2(C)C1CCC2(O)C(=O)CO,41,C-H,[H],CC12CCC(=O)C=C1CC[C]1C2C(O)CC2(C)C1CCC2(O)C(=O)CO,0,-1,,,False,1062
22,CC12CCC(=O)C=C1CCC1C2C(O)CC2(C)C1CCC2(O)C(=O)CO,42,C-H,[H],CC12CCC(=O)C=C1CCC1[C]2C(O)CC2(C)C1CCC2(O)C(=O)CO,0,-1,94.13,97.91794,False,1062
23,CC12CCC(=O)C=C1CCC1C2C(O)CC2(C)C1CCC2(O)C(=O)CO,43,C-H,[H],CC12CCC(=O)C=C1CCC1C2[C](O)CC2(C)C1CCC2(O)C(=O)CO,0,-1,90.21,93.05533,False,1062
24,CC12CCC(=O)C=C1CCC1C2C(O)CC2(C)C1CCC2(O)C(=O)CO,45,C-H,[H],CC12CCC(=O)C=C1CCC1C2C(O)[CH]C2(C)C1CCC2(O)C(=O)CO,0,0,96.4,97.82179000000001,False,1062
25,CC12CCC(=O)C=C1CCC1C2C(O)CC2(C)C1CCC2(O)C(=O)CO,47,C-H,[H],[CH2]C12CC(O)C3C(CCC4=CC(=O)CCC43C)C1CCC2(O)C(=O)CO,0,0,97.74,99.92824,False,1062
26,CC12CCC(=O)C=C1CCC1C2C(O)CC2(C)C1CCC2(O)C(=O)CO,50,C-H,[H],CC12CCC(=O)C=C1CCC1[C]3CCC(O)(C(=O)CO)C3(C)CC(O)C12,0,-1,,,False,1062
27,CC12CCC(=O)C=C1CCC1C2C(O)CC2(C)C1CCC2(O)C(=O)CO,51,C-H,[H],CC12CCC(=O)C=C1CCC1C2C(O)CC2(C)C1[CH]CC2(O)C(=O)CO,0,0,93.35,98.54146999999999,False,1062
28,CC12CCC(=O)C=C1CCC1C2C(O)CC2(C)C1CCC2(O)C(=O)CO,53,C-H,[H],CC12CCC(=O)C=C1CCC1C2C(O)CC2(C)C1C[CH]C2(O)C(=O)CO,0,0,,98.52548,False,1062
29,CC12CCC(=O)C=C1CCC1C2C(O)CC2(C)C1CCC2(O)C(=O)CO,56,C-H,[H],CC12CCC(=O)C=C1CCC1C2C(O)CC2(C)C1CCC2(O)C(=O)[CH]O,0,0,,76.83188,False,1062
30,CC[C@H](C)C(=O)O[C@H]1C[C@@H](C)C=C2C=CC(C)C(CC[C@H]3C[C@H](O)CC(=O)O3)C21,31,C-H,[H],[CH2]C[C@H](C)C(=O)O[C@H]1C[C@@H](C)C=C2C=CC(C)C(CC[C@H]3C[C@H](O)CC(=O)O3)C21,0,0,98.72,100.30659,False,1038
31,CC[C@H](C)C(=O)O[C@H]1C[C@@H](C)C=C2C=CC(C)C(CC[C@H]3C[C@H](O)CC(=O)O3)C21,34,C-H,[H],C[CH][C@H](C)C(=O)O[C@H]1C[C@@H](C)C=C2C=CC(C)C(CC[C@H]3C[C@H](O)CC(=O)O3)C21,0,0,96.65,97.75751,False,1038
32,CC[C@H](C)C(=O)O[C@H]1C[C@@H](C)C=C2C=CC(C)C(CC[C@H]3C[C@H](O)CC(=O)O3)C21,36,C-H,[H],CC[C](C)C(=O)O[C@H]1C[C@@H](C)C=C2C=CC(C)C(CC[C@H]3C[C@H](O)CC(=O)O3)C21,-1,0,88.25,91.6244,False,1038
33,CC[C@H](C)C(=O)O[C@H]1C[C@@H](C)C=C2C=CC(C)C(CC[C@H]3C[C@H](O)CC(=O)O3)C21,37,C-H,[H],[CH2][C@@H](CC)C(=O)O[C@H]1C[C@@H](C)C=C2C=CC(C)C(CC[C@H]3C[C@H](O)CC(=O)O3)C21,0,0,,,False,1038
34,CC[C@H](C)C(=O)O[C@H]1C[C@@H](C)C=C2C=CC(C)C(CC[C@H]3C[C@H](O)CC(=O)O3)C21,40,C-H,[H],CC[C@H](C)C(=O)O[C]1C[C@@H](C)C=C2C=CC(C)C(CC[C@H]3C[C@H](O)CC(=O)O3)C12,-1,0,97.15,97.03489,False,1038
35,CC[C@H](C)C(=O)O[C@H]1C[C@@H](C)C=C2C=CC(C)C(CC[C@H]3C[C@H](O)CC(=O)O3)C21,41,C-H,[H],CC[C@H](C)C(=O)O[C@H]1[CH][C@@H](C)C=C2C=CC(C)C(CC[C@H]3C[C@H](O)CC(=O)O3)C21,0,0,,,False,1038
36,CC[C@H](C)C(=O)O[C@H]1C[C@@H](C)C=C2C=CC(C)C(CC[C@H]3C[C@H](O)CC(=O)O3)C21,43,C-H,[H],CC[C@H](C)C(=O)O[C@H]1C[C](C)C=C2C=CC(C)C(CC[C@H]3C[C@H](O)CC(=O)O3)C21,-1,0,73.63,78.65047,True,1038
37,CC[C@H](C)C(=O)O[C@H]1C[C@@H](C)C=C2C=CC(C)C(CC[C@H]3C[C@H](O)CC(=O)O3)C21,44,C-H,[H],[CH2][C@H]1C=C2C=CC(C)C(CC[C@H]3C[C@H](O)CC(=O)O3)C2[C@@H](OC(=O)[C@@H](C)CC)C1,0,0,,,False,1038
38,CC[C@H](C)C(=O)O[C@H]1C[C@@H](C)C=C2C=CC(C)C(CC[C@H]3C[C@H](O)CC(=O)O3)C21,47,C-H,[H],CC[C@H](C)C(=O)O[C@H]1C[C@@H](C)[C]=C2C=CC(C)C(CC[C@H]3C[C@H](O)CC(=O)O3)C21,0,0,108.62,109.36153,False,1038
39,CC[C@H](C)C(=O)O[C@H]1C[C@@H](C)C=C2C=CC(C)C(CC[C@H]3C[C@H](O)CC(=O)O3)C21,48,C-H,[H],CC[C@H](C)C(=O)O[C@H]1C[C@@H](C)C=C2[C]=CC(C)C(CC[C@H]3C[C@H](O)CC(=O)O3)C21,0,0,,,False,1038
40,CC[C@H](C)C(=O)O[C@H]1C[C@@H](C)C=C2C=CC(C)C(CC[C@H]3C[C@H](O)CC(=O)O3)C21,49,C-H,[H],CC[C@H](C)C(=O)O[C@H]1C[C@@H](C)C=C2C=[C]C(C)C(CC[C@H]3C[C@H](O)CC(=O)O3)C21,0,0,108.6,108.89124,False,1038
41,CC[C@H](C)C(=O)O[C@H]1C[C@@H](C)C=C2C=CC(C)C(CC[C@H]3C[C@H](O)CC(=O)O3)C21,50,C-H,[H],CC[C@H](C)C(=O)O[C@H]1C[C@@H](C)C=C2C=C[C](C)C(CC[C@H]3C[C@H](O)CC(=O)O3)C21,0,-1,77.09,78.048645,False,1038
42,CC[C@H](C)C(=O)O[C@H]1C[C@@H](C)C=C2C=CC(C)C(CC[C@H]3C[C@H](O)CC(=O)O3)C21,51,C-H,[H],[CH2]C1C=CC2=C[C@H](C)C[C@H](OC(=O)[C@@H](C)CC)C2C1CC[C@H]1C[C@H](O)CC(=O)O1,0,0,,,False,1038
43,CC[C@H](C)C(=O)O[C@H]1C[C@@H](C)C=C2C=CC(C)C(CC[C@H]3C[C@H](O)CC(=O)O3)C21,54,C-H,[H],CC[C@H](C)C(=O)O[C@H]1C[C@@H](C)C=C2C=CC(C)[C](CC[C@H]3C[C@H](O)CC(=O)O3)C21,0,-1,96.39,97.27069,False,1038
44,CC[C@H](C)C(=O)O[C@H]1C[C@@H](C)C=C2C=CC(C)C(CC[C@H]3C[C@H](O)CC(=O)O3)C21,55,C-H,[H],CC[C@H](C)C(=O)O[C@H]1C[C@@H](C)C=C2C=CC(C)C([CH]C[C@H]3C[C@H](O)CC(=O)O3)C21,0,0,93.5,96.03406,False,1038
45,CC[C@H](C)C(=O)O[C@H]1C[C@@H](C)C=C2C=CC(C)C(CC[C@H]3C[C@H](O)CC(=O)O3)C21,57,C-H,[H],CC[C@H](C)C(=O)O[C@H]1C[C@@H](C)C=C2C=CC(C)C(C[CH][C@H]3C[C@H](O)CC(=O)O3)C21,0,0,97.15,98.11299,False,1038
46,CC[C@H](C)C(=O)O[C@H]1C[C@@H](C)C=C2C=CC(C)C(CC[C@H]3C[C@H](O)CC(=O)O3)C21,59,C-H,[H],CC[C@H](C)C(=O)O[C@H]1C[C@@H](C)C=C2C=CC(C)C(CC[C]3C[C@H](O)CC(=O)O3)C21,-1,0,,,False,1038
47,CC[C@H](C)C(=O)O[C@H]1C[C@@H](C)C=C2C=CC(C)C(CC[C@H]3C[C@H](O)CC(=O)O3)C21,60,C-H,[H],CC[C@H](C)C(=O)O[C@H]1C[C@@H](C)C=C2C=CC(C)C(CC[C@H]3[CH][C@H](O)CC(=O)O3)C21,0,0,98.04,99.66595500000001,False,1038
48,CC[C@H](C)C(=O)O[C@H]1C[C@@H](C)C=C2C=CC(C)C(CC[C@H]3C[C@H](O)CC(=O)O3)C21,62,C-H,[H],CC[C@H](C)C(=O)O[C@H]1C[C@@H](C)C=C2C=CC(C)C(CC[C@H]3C[C](O)CC(=O)O3)C21,-1,0,,,False,1038
49,CC[C@H](C)C(=O)O[C@H]1C[C@@H](C)C=C2C=CC(C)C(CC[C@H]3C[C@H](O)CC(=O)O3)C21,64,C-H,[H],CC[C@H](C)C(=O)O[C@H]1C[C@@H](C)C=C2C=CC(C)C(CC[C@H]3C[C@H](O)[CH]C(=O)O3)C21,0,0,,,False,1038
50,CC[C@H](C)C(=O)O[C@H]1C[C@@H](C)C=C2C=CC(C)C(CC[C@H]3C[C@H](O)CC(=O)O3)C21,66,C-H,[H],CC[C@H](C)C(=O)O[C@H]1C[C@@H](C)C=C2C=CC(C)C(CC[C@H]3C[C@H](O)CC(=O)O3)[C]21,0,-1,83.96,92.42452,False,1038
51,C=C[C@H]1CN2CCC1CC2[C@@H](O)c1ccnc2ccc(OC)cc12,27,C-H,[H],[CH]=C[C@H]1CN2CCC1CC2[C@@H](O)c1ccnc2ccc(OC)cc12,0,0,109.55,108.88018999999998,False,1104
52,C=C[C@H]1CN2CCC1CC2[C@@H](O)c1ccnc2ccc(OC)cc12,29,C-H,[H],C=[C][C@H]1CN2CCC1CC2[C@@H](O)c1ccnc2ccc(OC)cc12,0,0,104.96,105.63042,False,1104
53,C=C[C@H]1CN2CCC1CC2[C@@H](O)c1ccnc2ccc(OC)cc12,30,C-H,[H],C=C[C]1CN2CCC1CC2[C@@H](O)c1ccnc2ccc(OC)cc12,-1,0,80.19,89.28783,True,1104
54,C=C[C@H]1CN2CCC1CC2[C@@H](O)c1ccnc2ccc(OC)cc12,31,C-H,[H],C=C[C@H]1[CH]N2CCC1CC2[C@@H](O)c1ccnc2ccc(OC)cc12,0,0,95.99,95.90214499999999,False,1104
55,C=C[C@H]1CN2CCC1CC2[C@@H](O)c1ccnc2ccc(OC)cc12,33,C-H,[H],C=C[C@H]1CN2[CH]CC1CC2[C@@H](O)c1ccnc2ccc(OC)cc12,0,0,93.14,93.505684,False,1104
56,C=C[C@H]1CN2CCC1CC2[C@@H](O)c1ccnc2ccc(OC)cc12,35,C-H,[H],C=C[C@H]1CN2C[CH]C1CC2[C@@H](O)c1ccnc2ccc(OC)cc12,0,0,96.43,97.41632,False,1104
57,C=C[C@H]1CN2CCC1CC2[C@@H](O)c1ccnc2ccc(OC)cc12,37,C-H,[H],C=C[C@H]1CN2CC[C]1CC2[C@@H](O)c1ccnc2ccc(OC)cc12,0,-1,98.8,99.134,False,1104
58,C=C[C@H]1CN2CCC1CC2[C@@H](O)c1ccnc2ccc(OC)cc12,38,C-H,[H],C=C[C@H]1CN2CCC1[CH]C2[C@@H](O)c1ccnc2ccc(OC)cc12,0,0,95.81,97.80084000000001,False,1104
59,C=C[C@H]1CN2CCC1CC2[C@@H](O)c1ccnc2ccc(OC)cc12,40,C-H,[H],C=C[C@H]1CN2CCC1C[C]2[C@@H](O)c1ccnc2ccc(OC)cc12,0,-1,90.78,91.21587,False,1104
60,C=C[C@H]1CN2CCC1CC2[C@@H](O)c1ccnc2ccc(OC)cc12,41,C-H,[H],C=C[C@H]1CN2CCC1CC2[C](O)c1ccnc2ccc(OC)cc12,-1,0,77.93,84.64111,False,1104
61,C=C[C@H]1CN2CCC1CC2[C@@H](O)c1ccnc2ccc(OC)cc12,43,C-H,[H],C=C[C@H]1CN2CCC1CC2[C@@H](O)c1[c]cnc2ccc(OC)cc12,0,0,112.81,112.515045,False,1104
62,C=C[C@H]1CN2CCC1CC2[C@@H](O)c1ccnc2ccc(OC)cc12,44,C-H,[H],C=C[C@H]1CN2CCC1CC2[C@@H](O)c1c[c]nc2ccc(OC)cc12,0,0,,,False,1104
63,C=C[C@H]1CN2CCC1CC2[C@@H](O)c1ccnc2ccc(OC)cc12,45,C-H,[H],C=C[C@H]1CN2CCC1CC2[C@@H](O)c1ccnc2[c]cc(OC)cc12,0,0,112.99,112.871605,False,1104
64,C=C[C@H]1CN2CCC1CC2[C@@H](O)c1ccnc2ccc(OC)cc12,46,C-H,[H],C=C[C@H]1CN2CCC1CC2[C@@H](O)c1ccnc2c[c]c(OC)cc12,0,0,110.23,112.7288,False,1104
65,C=C[C@H]1CN2CCC1CC2[C@@H](O)c1ccnc2ccc(OC)cc12,47,C-H,[H],[CH2]Oc1ccc2nccc([C@H](O)C3CC4CCN3C[C@@H]4C=C)c2c1,0,0,,96.444,False,1104
66,C=C[C@H]1CN2CCC1CC2[C@@H](O)c1ccnc2ccc(OC)cc12,50,C-H,[H],C=C[C@H]1CN2CCC1CC2[C@@H](O)c1ccnc2ccc(OC)[c]c12,0,0,111.19,112.21298999999999,False,1104
67,CN(C)CCCN1c2ccccc2CCc2ccccc21,23,C-H,[H],[CH2]N(C)CCCN1c2ccccc2CCc2ccccc21,0,0,91.65,91.54951,False,1080
68,CN(C)CCCN1c2ccccc2CCc2ccccc21,29,C-H,[H],CN(C)[CH]CCN1c2ccccc2CCc2ccccc21,0,0,91.35,90.619385,False,1080
69,CN(C)CCCN1c2ccccc2CCc2ccccc21,31,C-H,[H],CN(C)C[CH]CN1c2ccccc2CCc2ccccc21,0,0,96.05,97.92756,False,1080
70,CN(C)CCCN1c2ccccc2CCc2ccccc21,33,C-H,[H],CN(C)CC[CH]N1c2ccccc2CCc2ccccc21,0,0,,,False,1080
71,CN(C)CCCN1c2ccccc2CCc2ccccc21,35,C-H,[H],CN(C)CCCN1c2[c]cccc2CCc2ccccc21,0,0,110.85,110.65648,False,1080
72,CN(C)CCCN1c2ccccc2CCc2ccccc21,36,C-H,[H],CN(C)CCCN1c2c[c]ccc2CCc2ccccc21,0,0,110.82,111.10269,False,1080
73,CN(C)CCCN1c2ccccc2CCc2ccccc21,37,C-H,[H],CN(C)CCCN1c2cc[c]cc2CCc2ccccc21,0,0,111.42,111.988106,False,1080
74,CN(C)CCCN1c2ccccc2CCc2ccccc21,38,C-H,[H],CN(C)CCCN1c2ccc[c]c2CCc2ccccc21,0,0,110.72,110.99271,False,1080
75,CN(C)CCCN1c2ccccc2CCc2ccccc21,39,C-H,[H],CN(C)CCCN1c2ccccc2[CH]Cc2ccccc21,0,0,85.13,86.02761,True,1080
76,COc1ccc(OC)c(C(O)C(C)N)c1,15,C-H,[H],[CH2]Oc1ccc(OC)c(C(O)C(C)N)c1,0,0,96.25,96.51373000000001,False,1102
77,COc1ccc(OC)c(C(O)C(C)N)c1,18,C-H,[H],COc1[c]cc(OC)c(C(O)C(C)N)c1,0,0,113.14,113.32511000000001,False,1102
78,COc1ccc(OC)c(C(O)C(C)N)c1,19,C-H,[H],COc1c[c]c(OC)c(C(O)C(C)N)c1,0,0,110.36,110.69116000000001,False,1102
79,COc1ccc(OC)c(C(O)C(C)N)c1,20,C-H,[H],[CH2]Oc1ccc(OC)cc1C(O)C(C)N,0,0,95.98,96.57648,False,1102
80,COc1ccc(OC)c(C(O)C(C)N)c1,23,C-H,[H],COc1ccc(OC)c([C](O)C(C)N)c1,0,-1,83.02,81.85656,True,1102
81,COc1ccc(OC)c(C(O)C(C)N)c1,25,C-H,[H],COc1ccc(OC)c(C(O)[C](C)N)c1,0,-1,92.52,90.94136999999999,False,1102
82,COc1ccc(OC)c(C(O)C(C)N)c1,26,C-H,[H],[CH2]C(N)C(O)c1cc(OC)ccc1OC,0,0,100.54,101.20111,False,1102
83,COc1ccc(OC)c(C(O)C(C)N)c1,31,C-H,[H],COc1[c]c(C(O)C(C)N)c(OC)cc1,0,0,111.61,113.02566999999999,False,1102
84,Cn1c(=O)c2c(ncn2C)n(C)c1=O,15,C-H,[H],[CH2]n1c(=O)c2c(ncn2C)n(C)c1=O,0,0,103.71,95.49589499999999,False,1089
85,Cn1c(=O)c2c(ncn2C)n(C)c1=O,18,C-H,[H],Cn1c(=O)c2c(n[c]n2C)n(C)c1=O,0,0,116.58,116.24893,False,1089
86,Cn1c(=O)c2c(ncn2C)n(C)c1=O,19,C-H,[H],[CH2]n1cnc2c1c(=O)n(C)c(=O)n2C,0,0,94.15,92.636154,True,1089
87,Cn1c(=O)c2c(ncn2C)n(C)c1=O,22,C-H,[H],[CH2]n1c(=O)n(C)c(=O)c2c1ncn2C,0,0,94.44,95.35365,False,1089
88,CCN(CC)CC(=O)Nc1c(C)cccc1C,17,C-H,[H],[CH2]CN(CC)CC(=O)Nc1c(C)cccc1C,0,0,99.35,99.49213,False,1086
89,CCN(CC)CC(=O)Nc1c(C)cccc1C,20,C-H,[H],C[CH]N(CC)CC(=O)Nc1c(C)cccc1C,0,0,91.64,91.60231,False,1086
90,CCN(CC)CC(=O)Nc1c(C)cccc1C,27,C-H,[H],CCN([CH]C(=O)Nc1c(C)cccc1C)CC,0,0,87.2,90.95838,False,1086
91,CCN(CC)CC(=O)Nc1c(C)cccc1C,30,C-H,[H],[CH2]c1cccc(C)c1NC(=O)CN(CC)CC,0,0,89.98,90.40771,True,1086
92,CCN(CC)CC(=O)Nc1c(C)cccc1C,33,C-H,[H],CCN(CC)CC(=O)Nc1c(C)[c]ccc1C,0,0,111.04,110.83058,False,1086
93,CCN(CC)CC(=O)Nc1c(C)cccc1C,34,C-H,[H],CCN(CC)CC(=O)Nc1c(C)c[c]cc1C,0,0,111.16,111.54727,False,1086
94,CC(=O)Oc1ccccc1C(=O)O,13,C-H,[H],[CH2]C(=O)Oc1ccccc1C(=O)O,0,0,97.86,97.182686,True,1092
95,CC(=O)Oc1ccccc1C(=O)O,16,C-H,[H],CC(=O)Oc1[c]cccc1C(=O)O,0,0,113.58,112.27096599999999,False,1092
96,CC(=O)Oc1ccccc1C(=O)O,17,C-H,[H],CC(=O)Oc1c[c]ccc1C(=O)O,0,0,111.27,111.50245,False,1092
97,CC(=O)Oc1ccccc1C(=O)O,18,C-H,[H],CC(=O)Oc1cc[c]cc1C(=O)O,0,0,,113.14018,False,1092
98,CC(=O)Oc1ccccc1C(=O)O,19,C-H,[H],CC(=O)Oc1ccc[c]c1C(=O)O,0,0,111.67,110.75558500000001,False,1092
99,COc1ccc2c(c1)[C@]13CCCC[C@@H]1[C@H](C2)N(C)CC3,23,C-H,[H],[CH2]Oc1ccc2c(c1)[C@]13CCCC[C@@H]1[C@H](C2)N(C)CC3,0,0,,,False,1069
100,COc1ccc2c(c1)[C@]13CCCC[C@@H]1[C@H](C2)N(C)CC3,26,C-H,[H],COc1[c]cc2c(c1)[C@]13CCCC[C@@H]1[C@H](C2)N(C)CC3,0,0,110.84,112.961395,False,1069
101,COc1ccc2c(c1)[C@]13CCCC[C@@H]1[C@H](C2)N(C)CC3,27,C-H,[H],COc1c[c]c2c(c1)[C@]13CCCC[C@@H]1[C@H](C2)N(C)CC3,0,0,110.31,111.17946,False,1069
102,COc1ccc2c(c1)[C@]13CCCC[C@@H]1[C@H](C2)N(C)CC3,28,C-H,[H],COc1[c]c2c(cc1)C[C@H]1[C@H]3CCCC[C@@]23CCN1C,0,0,110.92,111.31038000000001,False,1069
103,COc1ccc2c(c1)[C@]13CCCC[C@@H]1[C@H](C2)N(C)CC3,29,C-H,[H],COc1ccc2c(c1)[C@]13[CH]CCC[C@@H]1[C@H](C2)N(C)CC3,0,0,96.9,96.85037,False,1069
104,COc1ccc2c(c1)[C@]13CCCC[C@@H]1[C@H](C2)N(C)CC3,31,C-H,[H],COc1ccc2c(c1)[C@]13C[CH]CC[C@@H]1[C@H](C2)N(C)CC3,0,0,,,False,1069
105,COc1ccc2c(c1)[C@]13CCCC[C@@H]1[C@H](C2)N(C)CC3,33,C-H,[H],COc1ccc2c(c1)[C@]13CC[CH]C[C@@H]1[C@H](C2)N(C)CC3,0,0,97.57,97.35112,False,1069
106,COc1ccc2c(c1)[C@]13CCCC[C@@H]1[C@H](C2)N(C)CC3,35,C-H,[H],COc1ccc2c(c1)[C@]13CCC[CH][C@@H]1[C@H](C2)N(C)CC3,0,0,96.9,96.4977,False,1069
107,COc1ccc2c(c1)[C@]13CCCC[C@@H]1[C@H](C2)N(C)CC3,37,C-H,[H],COc1ccc2c(c1)[C@]13CCCC[C]1[C@H](C2)N(C)CC3,-1,0,98.44,95.36803,False,1069
108,COc1ccc2c(c1)[C@]13CCCC[C@@H]1[C@H](C2)N(C)CC3,38,C-H,[H],COc1ccc2c(c1)[C@]13CCCC[C@@H]1[C](C2)N(C)CC3,-1,0,96.63,93.87546,False,1069
109,COc1ccc2c(c1)[C@]13CCCC[C@@H]1[C@H](C2)N(C)CC3,39,C-H,[H],COc1ccc2c(c1)[C@]13CCCC[C@@H]1[C@H]([CH]2)N(C)CC3,0,0,85.01,87.44281,True,1069
110,COc1ccc2c(c1)[C@]13CCCC[C@@H]1[C@H](C2)N(C)CC3,41,C-H,[H],[CH2]N1CC[C@@]23CCCC[C@@H]2[C@@H]1Cc1ccc(OC)cc13,0,0,89.78,90.747345,False,1069
111,COc1ccc2c(c1)[C@]13CCCC[C@@H]1[C@H](C2)N(C)CC3,44,C-H,[H],COc1ccc2c(c1)[C@@]13C[CH]N(C)[C@@H](C2)[C@H]1CCCC3,0,0,89.53,89.88185,False,1069
112,COc1ccc2c(c1)[C@]13CCCC[C@@H]1[C@H](C2)N(C)CC3,46,C-H,[H],COc1ccc2c(c1)[C@@]13[CH]CN(C)[C@@H](C2)[C@H]1CCCC3,0,0,98.64,97.172455,False,1069
113,CCCC(CCC)C(=O)O,9,C-H,[H],[CH2]CCC(CCC)C(=O)O,0,1,100.31,99.80931,False,1012
114,CCCC(CCC)C(=O)O,12,C-H,[H],C[CH]CC(CCC)C(=O)O,0,1,96.89,97.11688000000001,True,1012
115,CCCC(CCC)C(=O)O,14,C-H,[H],CC[CH]C(CCC)C(=O)O,0,1,97.51,97.542465,False,1012
116,CCCC(CCC)C(=O)O,16,C-H,[H],CCC[C](CCC)C(=O)O,0,0,88.36,88.15845999999999,False,1012
117,CCOC(N)=O,5,C-H,[H],[CH2]COC(N)=O,0,0,102.04,101.530754,True,1022
118,CCOC(N)=O,8,C-H,[H],C[CH]OC(N)=O,0,0,96.74,95.97695,False,1022
119,CCOC(=O)C1=C(COCCN)NC(C)=C(C(=O)OC)C1c1ccccc1,28,C-H,[H],[CH2]COC(=O)C1=C(COCCN)NC(C)=C(C(=O)OC)C1c1ccccc1,0,0,101.26,101.49799,False,1082
120,CCOC(=O)C1=C(COCCN)NC(C)=C(C(=O)OC)C1c1ccccc1,31,C-H,[H],C[CH]OC(=O)C1=C(COCCN)NC(C)=C(C(=O)OC)C1c1ccccc1,0,0,98.44,95.71263,False,1082
121,CCOC(=O)C1=C(COCCN)NC(C)=C(C(=O)OC)C1c1ccccc1,33,C-H,[H],CCOC(=O)C1=C([CH]OCCN)NC(C)=C(C(=O)OC)C1c1ccccc1,0,0,81.46,81.677635,False,1082
122,CCOC(=O)C1=C(COCCN)NC(C)=C(C(=O)OC)C1c1ccccc1,35,C-H,[H],CCOC(=O)C1=C(CO[CH]CN)NC(C)=C(C(=O)OC)C1c1ccccc1,0,0,95.96,95.71423,False,1082
123,CCOC(=O)C1=C(COCCN)NC(C)=C(C(=O)OC)C1c1ccccc1,37,C-H,[H],CCOC(=O)C1=C(COC[CH]N)NC(C)=C(C(=O)OC)C1c1ccccc1,0,0,90.24,90.98318,False,1082
124,CCOC(=O)C1=C(COCCN)NC(C)=C(C(=O)OC)C1c1ccccc1,42,C-H,[H],[CH2]C1=C(C(=O)OC)C(c2ccccc2)C(C(=O)OCC)=C(COCCN)N1,0,0,89.61,90.30160500000001,False,1082
125,CCOC(=O)C1=C(COCCN)NC(C)=C(C(=O)OC)C1c1ccccc1,45,C-H,[H],[CH2]OC(=O)C1=C(C)NC(COCCN)=C(C(=O)OCC)C1c1ccccc1,0,0,97.88,97.75567,False,1082
126,CCOC(=O)C1=C(COCCN)NC(C)=C(C(=O)OC)C1c1ccccc1,48,C-H,[H],CCOC(=O)C1=C(COCCN)NC(C)=C(C(=O)OC)[C]1c1ccccc1,0,-1,78.34,80.09396,True,1082
127,CCOC(=O)C1=C(COCCN)NC(C)=C(C(=O)OC)C1c1ccccc1,49,C-H,[H],CCOC(=O)C1=C(COCCN)NC(C)=C(C(=O)OC)C1c1[c]cccc1,0,0,,,False,1082
128,CCOC(=O)C1=C(COCCN)NC(C)=C(C(=O)OC)C1c1ccccc1,50,C-H,[H],CCOC(=O)C1=C(COCCN)NC(C)=C(C(=O)OC)C1c1c[c]ccc1,0,0,110.61,110.98595,False,1082
129,CCOC(=O)C1=C(COCCN)NC(C)=C(C(=O)OC)C1c1ccccc1,51,C-H,[H],CCOC(=O)C1=C(COCCN)NC(C)=C(C(=O)OC)C1c1cc[c]cc1,0,0,111.06,111.32399,False,1082
130,COc1ccc2c(c1)CC[C@@H]1[C@@H]2CC[C@]2(C)[C@@H](O)CC[C@@H]12,24,C-H,[H],[CH2]Oc1ccc2c(c1)CC[C@@H]1[C@@H]2CC[C@]2(C)[C@@H](O)CC[C@@H]12,0,0,,,True,1058
131,COc1ccc2c(c1)CC[C@@H]1[C@@H]2CC[C@]2(C)[C@@H](O)CC[C@@H]12,27,C-H,[H],COc1[c]cc2c(c1)CC[C@@H]1[C@@H]2CC[C@]2(C)[C@@H](O)CC[C@@H]12,0,0,110.67,113.08065,False,1058
132,COc1ccc2c(c1)CC[C@@H]1[C@@H]2CC[C@]2(C)[C@@H](O)CC[C@@H]12,28,C-H,[H],COc1c[c]c2c(c1)CC[C@@H]1[C@@H]2CC[C@]2(C)[C@@H](O)CC[C@@H]12,0,0,108.66,110.50679,False,1058
133,COc1ccc2c(c1)CC[C@@H]1[C@@H]2CC[C@]2(C)[C@@H](O)CC[C@@H]12,29,C-H,[H],COc1[c]c2c(cc1)[C@H]1CC[C@]3(C)[C@@H](O)CC[C@H]3[C@@H]1CC2,0,0,,112.06663999999999,False,1058
134,COc1ccc2c(c1)CC[C@@H]1[C@@H]2CC[C@]2(C)[C@@H](O)CC[C@@H]12,30,C-H,[H],COc1ccc2c(c1)[CH]C[C@@H]1[C@@H]2CC[C@]2(C)[C@@H](O)CC[C@@H]12,0,0,84.98,86.385284,False,1058
135,COc1ccc2c(c1)CC[C@@H]1[C@@H]2CC[C@]2(C)[C@@H](O)CC[C@@H]12,32,C-H,[H],COc1ccc2c(c1)C[CH][C@@H]1[C@@H]2CC[C@]2(C)[C@@H](O)CC[C@@H]12,0,0,96.11,96.134056,False,1058
136,COc1ccc2c(c1)CC[C@@H]1[C@@H]2CC[C@]2(C)[C@@H](O)CC[C@@H]12,34,C-H,[H],COc1ccc2c(c1)CC[C]1[C@@H]2CC[C@]2(C)[C@@H](O)CC[C@@H]12,-1,0,93.93,96.227776,False,1058
137,COc1ccc2c(c1)CC[C@@H]1[C@@H]2CC[C@]2(C)[C@@H](O)CC[C@@H]12,35,C-H,[H],COc1ccc2c(c1)CC[C@@H]1[C]2CC[C@]2(C)[C@@H](O)CC[C@@H]12,-1,0,83.61,92.05790999999999,False,1058
138,COc1ccc2c(c1)CC[C@@H]1[C@@H]2CC[C@]2(C)[C@@H](O)CC[C@@H]12,36,C-H,[H],COc1ccc2c(c1)CC[C@@H]1[C@@H]2[CH]C[C@]2(C)[C@@H](O)CC[C@@H]12,0,0,,,False,1058
139,COc1ccc2c(c1)CC[C@@H]1[C@@H]2CC[C@]2(C)[C@@H](O)CC[C@@H]12,38,C-H,[H],COc1ccc2c(c1)CC[C@@H]1[C@@H]2C[CH][C@]2(C)[C@@H](O)CC[C@@H]12,0,0,97.94,96.61247,False,1058
140,COc1ccc2c(c1)CC[C@@H]1[C@@H]2CC[C@]2(C)[C@@H](O)CC[C@@H]12,40,C-H,[H],[CH2][C@]12CC[C@@H]3c4ccc(OC)cc4CC[C@H]3[C@@H]1CC[C@@H]2O,0,0,98.85,99.98607,False,1058
141,COc1ccc2c(c1)CC[C@@H]1[C@@H]2CC[C@]2(C)[C@@H](O)CC[C@@H]12,43,C-H,[H],COc1ccc2c(c1)CC[C@@H]1[C@@H]2CC[C@]2(C)[C](O)CC[C@@H]12,-1,0,92.34,92.77461,False,1058
142,COc1ccc2c(c1)CC[C@@H]1[C@@H]2CC[C@]2(C)[C@@H](O)CC[C@@H]12,45,C-H,[H],COc1ccc2c(c1)CC[C@@H]1[C@@H]2CC[C@]2(C)[C@@H](O)[CH]C[C@@H]12,0,0,96.14,95.24644,False,1058
143,COc1ccc2c(c1)CC[C@@H]1[C@@H]2CC[C@]2(C)[C@@H](O)CC[C@@H]12,47,C-H,[H],COc1ccc2c(c1)CC[C@@H]1[C@@H]2CC[C@]2(C)[C@@H](O)C[CH][C@@H]12,0,0,,,False,1058
144,COc1ccc2c(c1)CC[C@@H]1[C@@H]2CC[C@]2(C)[C@@H](O)CC[C@@H]12,49,C-H,[H],COc1ccc2c(c1)CC[C@H]1[C]3CC[C@H](O)[C@@]3(C)CC[C@H]21,-1,0,92.19,100.297195,False,1058
145,Cc1c(CO)cccc1Nc1ccccc1C(=O)O,20,C-H,[H],[CH2]c1c(CO)cccc1Nc1ccccc1C(=O)O,0,0,89.26,89.30806,False,1091
146,Cc1c(CO)cccc1Nc1ccccc1C(=O)O,23,C-H,[H],Cc1c([CH]O)cccc1Nc1ccccc1C(=O)O,0,0,83.19,83.86847,True,1091
147,Cc1c(CO)cccc1Nc1ccccc1C(=O)O,26,C-H,[H],Cc1c(CO)[c]ccc1Nc1ccccc1C(=O)O,0,0,111.32,111.78351599999999,False,1091
148,Cc1c(CO)cccc1Nc1ccccc1C(=O)O,27,C-H,[H],Cc1c(CO)c[c]cc1Nc1ccccc1C(=O)O,0,0,111.14,110.93608,False,1091
149,Cc1c(CO)cccc1Nc1ccccc1C(=O)O,28,C-H,[H],Cc1c(Nc2ccccc2C(=O)O)[c]ccc1CO,0,0,109.3,112.08305,False,1091
150,Cc1c(CO)cccc1Nc1ccccc1C(=O)O,30,C-H,[H],Cc1c(CO)cccc1Nc1[c]cccc1C(=O)O,0,0,109.75,112.37895,False,1091
151,Cc1c(CO)cccc1Nc1ccccc1C(=O)O,31,C-H,[H],Cc1c(CO)cccc1Nc1c[c]ccc1C(=O)O,0,0,110.36,110.910446,False,1091
152,Cc1c(CO)cccc1Nc1ccccc1C(=O)O,32,C-H,[H],Cc1c(CO)cccc1Nc1cc[c]cc1C(=O)O,0,0,112.68,113.23758000000001,False,1091
153,Cc1c(CO)cccc1Nc1ccccc1C(=O)O,33,C-H,[H],Cc1c(CO)cccc1Nc1ccc[c]c1C(=O)O,0,0,111.05,111.58108,False,1091
154,CCCCCc1cc(O)c2c(c1)OC(C)(C)[C@@H]1CCC(C)=C[C@@H]21,25,C-H,[H],[CH2]CCCCc1cc(O)c2c(c1)OC(C)(C)[C@@H]1CCC(C)=C[C@@H]21,0,0,100.13,100.17409,False,1077
155,CCCCCc1cc(O)c2c(c1)OC(C)(C)[C@@H]1CCC(C)=C[C@@H]21,28,C-H,[H],C[CH]CCCc1cc(O)c2c(c1)OC(C)(C)[C@@H]1CCC(C)=C[C@@H]21,0,0,,,False,1077
156,CCCCCc1cc(O)c2c(c1)OC(C)(C)[C@@H]1CCC(C)=C[C@@H]21,30,C-H,[H],CC[CH]CCc1cc(O)c2c(c1)OC(C)(C)[C@@H]1CCC(C)=C[C@@H]21,0,0,97.29,97.2386,False,1077
157,CCCCCc1cc(O)c2c(c1)OC(C)(C)[C@@H]1CCC(C)=C[C@@H]21,32,C-H,[H],CCC[CH]Cc1cc(O)c2c(c1)OC(C)(C)[C@@H]1CCC(C)=C[C@@H]21,0,0,97.12,97.37584,False,1077
158,CCCCCc1cc(O)c2c(c1)OC(C)(C)[C@@H]1CCC(C)=C[C@@H]21,34,C-H,[H],CCCC[CH]c1cc(O)c2c(c1)OC(C)(C)[C@@H]1CCC(C)=C[C@@H]21,0,0,87.4,87.28472,False,1077
159,CCCCCc1cc(O)c2c(c1)OC(C)(C)[C@@H]1CCC(C)=C[C@@H]21,36,C-H,[H],CCCCCc1[c]c(O)c2c(c1)OC(C)(C)[C@@H]1CCC(C)=C[C@@H]21,0,0,112.06,113.29556000000001,False,1077
160,CCCCCc1cc(O)c2c(c1)OC(C)(C)[C@@H]1CCC(C)=C[C@@H]21,38,C-H,[H],CCCCCc1[c]c2c(c(O)c1)[C@@H]1C=C(C)CC[C@H]1C(C)(C)O2,0,0,113.79,113.36017,False,1077
161,CCCCCc1cc(O)c2c(c1)OC(C)(C)[C@@H]1CCC(C)=C[C@@H]21,39,C-H,[H],[CH2]C1(C)Oc2cc(CCCCC)cc(O)c2[C@@H]2C=C(C)CC[C@H]21,0,1,100.8,100.4729,False,1077
162,CCCCCc1cc(O)c2c(c1)OC(C)(C)[C@@H]1CCC(C)=C[C@@H]21,45,C-H,[H],CCCCCc1cc(O)c2c(c1)OC(C)(C)[C]1CCC(C)=C[C@H]12,-1,0,,95.887794,False,1077
163,CCCCCc1cc(O)c2c(c1)OC(C)(C)[C@@H]1CCC(C)=C[C@@H]21,46,C-H,[H],CCCCCc1cc(O)c2c(c1)OC(C)(C)[C@@H]1[CH]CC(C)=C[C@@H]21,0,0,96.43,96.905106,False,1077
164,CCCCCc1cc(O)c2c(c1)OC(C)(C)[C@@H]1CCC(C)=C[C@@H]21,48,C-H,[H],CCCCCc1cc(O)c2c(c1)OC(C)(C)[C@@H]1C[CH]C(C)=C[C@@H]21,0,0,83.8,84.72792,False,1077
165,CCCCCc1cc(O)c2c(c1)OC(C)(C)[C@@H]1CCC(C)=C[C@@H]21,50,C-H,[H],[CH2]C1=C[C@H]2c3c(O)cc(CCCCC)cc3OC(C)(C)[C@@H]2CC1,0,0,88.19,88.35446999999999,True,1077
166,CCCCCc1cc(O)c2c(c1)OC(C)(C)[C@@H]1CCC(C)=C[C@@H]21,53,C-H,[H],CCCCCc1cc(O)c2c(c1)OC(C)(C)[C@@H]1CCC(C)=[C][C@@H]21,0,0,108.12,108.609146,False,1077
167,CCCCCc1cc(O)c2c(c1)OC(C)(C)[C@@H]1CCC(C)=C[C@@H]21,54,C-H,[H],CCCCCc1cc(O)c2c(c1)OC(C)(C)[C@@H]1CCC(C)=C[C]21,-1,0,73.07,81.438385,False,1077
168,CC(C)(C)C1CCC(C2=C(O)C(=O)c3ccccc3C2=O)CC1,25,C-H,[H],[CH2]C(C)(C)C1CCC(C2=C(O)C(=O)c3ccccc3C2=O)CC1,0,0,100.21,99.58069,True,1070
169,CC(C)(C)C1CCC(C2=C(O)C(=O)c3ccccc3C2=O)CC1,34,C-H,[H],CC(C)(C)[C]1CCC(C2=C(O)C(=O)c3ccccc3C2=O)CC1,0,0,95.78,95.55048000000001,False,1070
170,CC(C)(C)C1CCC(C2=C(O)C(=O)c3ccccc3C2=O)CC1,35,C-H,[H],CC(C)(C)C1[CH]CC(C2=C(O)C(=O)c3ccccc3C2=O)CC1,0,2,97.04,95.480896,False,1070
171,CC(C)(C)C1CCC(C2=C(O)C(=O)c3ccccc3C2=O)CC1,37,C-H,[H],CC(C)(C)C1C[CH]C(C2=C(O)C(=O)c3ccccc3C2=O)CC1,0,2,98.15,97.33919,False,1070
172,CC(C)(C)C1CCC(C2=C(O)C(=O)c3ccccc3C2=O)CC1,39,C-H,[H],CC(C)(C)C1CC[C](C2=C(O)C(=O)c3ccccc3C2=O)CC1,0,0,83.05,79.789536,False,1070
173,CC(C)(C)C1CCC(C2=C(O)C(=O)c3ccccc3C2=O)CC1,41,C-H,[H],CC(C)(C)C1CCC(C2=C(O)C(=O)c3[c]cccc3C2=O)CC1,0,0,113.4,111.97936999999999,False,1070
174,CC(C)(C)C1CCC(C2=C(O)C(=O)c3ccccc3C2=O)CC1,42,C-H,[H],CC(C)(C)C1CCC(C2=C(O)C(=O)c3c[c]ccc3C2=O)CC1,0,0,111.6,111.68656000000001,False,1070
175,CC(C)(C)C1CCC(C2=C(O)C(=O)c3ccccc3C2=O)CC1,43,C-H,[H],CC(C)(C)C1CCC(C2=C(O)C(=O)c3cc[c]cc3C2=O)CC1,0,0,111.21,111.48165,False,1070
176,CC(C)(C)C1CCC(C2=C(O)C(=O)c3ccccc3C2=O)CC1,44,C-H,[H],CC(C)(C)C1CCC(C2=C(O)C(=O)c3ccc[c]c3C2=O)CC1,0,0,,111.475075,False,1070
177,Cc1cccc(Nc2ccccc2C(=O)O)c1C,19,C-H,[H],[CH2]c1cccc(Nc2ccccc2C(=O)O)c1C,0,0,90.26,90.50938000000001,True,1030
178,Cc1cccc(Nc2ccccc2C(=O)O)c1C,22,C-H,[H],Cc1[c]ccc(Nc2ccccc2C(=O)O)c1C,0,0,111.23,111.57354,False,1030
179,Cc1cccc(Nc2ccccc2C(=O)O)c1C,23,C-H,[H],Cc1c[c]cc(Nc2ccccc2C(=O)O)c1C,0,0,110.98,110.70793,False,1030
180,Cc1cccc(Nc2ccccc2C(=O)O)c1C,24,C-H,[H],Cc1cc[c]c(Nc2ccccc2C(=O)O)c1C,0,0,,,False,1030
181,Cc1cccc(Nc2ccccc2C(=O)O)c1C,26,C-H,[H],Cc1cccc(Nc2[c]cccc2C(=O)O)c1C,0,0,109.94,112.37895,False,1030
182,Cc1cccc(Nc2ccccc2C(=O)O)c1C,27,C-H,[H],Cc1cccc(Nc2c[c]ccc2C(=O)O)c1C,0,0,,,False,1030
183,Cc1cccc(Nc2ccccc2C(=O)O)c1C,28,C-H,[H],Cc1cccc(Nc2cc[c]cc2C(=O)O)c1C,0,0,112.68,113.23758000000001,False,1030
184,Cc1cccc(Nc2ccccc2C(=O)O)c1C,29,C-H,[H],Cc1cccc(Nc2ccc[c]c2C(=O)O)c1C,0,0,110.99,111.58108,False,1030
185,Cc1cccc(Nc2ccccc2C(=O)O)c1C,31,C-H,[H],[CH2]c1c(C)cccc1Nc1ccccc1C(=O)O,0,0,88.71,88.41507,False,1030
186,CC1=NC2C(C(O)=CC(=O)N2Cc2ccc(-c3ccccc3-c3nnn[nH]3)cc2)C(C)=N1,36,C-H,[H],[CH2]C1=NC2C(C(O)=CC(=O)N2Cc2ccc(-c3ccccc3-c3nnn[nH]3)cc2)C(C)=N1,0,0,,92.56384,True,1024
187,CC1=NC2C(C(O)=CC(=O)N2Cc2ccc(-c3ccccc3-c3nnn[nH]3)cc2)C(C)=N1,39,C-H,[H],CC1=N[C]2C(C(O)=CC(=O)N2Cc2ccc(-c3ccccc3-c3nnn[nH]3)cc2)C(C)=N1,0,-1,68.13,86.87184,False,1024
188,CC1=NC2C(C(O)=CC(=O)N2Cc2ccc(-c3ccccc3-c3nnn[nH]3)cc2)C(C)=N1,40,C-H,[H],CC1=NC2[C](C(O)=CC(=O)N2Cc2ccc(-c3ccccc3-c3nnn[nH]3)cc2)C(C)=N1,0,-1,,,False,1024
189,CC1=NC2C(C(O)=CC(=O)N2Cc2ccc(-c3ccccc3-c3nnn[nH]3)cc2)C(C)=N1,42,C-H,[H],CC1=NC2C(C(O)=[C]C(=O)N2Cc2ccc(-c3ccccc3-c3nnn[nH]3)cc2)C(C)=N1,0,0,114.82,115.82953,False,1024
190,CC1=NC2C(C(O)=CC(=O)N2Cc2ccc(-c3ccccc3-c3nnn[nH]3)cc2)C(C)=N1,43,C-H,[H],CC1=NC2C(C(O)=CC(=O)N2[CH]c2ccc(-c3ccccc3-c3nnn[nH]3)cc2)C(C)=N1,0,0,89.35,84.95487,False,1024
191,CC1=NC2C(C(O)=CC(=O)N2Cc2ccc(-c3ccccc3-c3nnn[nH]3)cc2)C(C)=N1,45,C-H,[H],CC1=NC2C(C(O)=CC(=O)N2Cc2[c]cc(-c3ccccc3-c3nnn[nH]3)cc2)C(C)=N1,0,0,111.51,111.23692,False,1024
192,CC1=NC2C(C(O)=CC(=O)N2Cc2ccc(-c3ccccc3-c3nnn[nH]3)cc2)C(C)=N1,46,C-H,[H],CC1=NC2C(C(O)=CC(=O)N2Cc2c[c]c(-c3ccccc3-c3nnn[nH]3)cc2)C(C)=N1,0,0,111.82,110.14116999999999,False,1024
193,CC1=NC2C(C(O)=CC(=O)N2Cc2ccc(-c3ccccc3-c3nnn[nH]3)cc2)C(C)=N1,47,C-H,[H],CC1=NC2C(C(O)=CC(=O)N2Cc2ccc(-c3[c]cccc3-c3nnn[nH]3)cc2)C(C)=N1,0,0,112.0,111.07186999999999,False,1024
194,CC1=NC2C(C(O)=CC(=O)N2Cc2ccc(-c3ccccc3-c3nnn[nH]3)cc2)C(C)=N1,48,C-H,[H],CC1=NC2C(C(O)=CC(=O)N2Cc2ccc(-c3c[c]ccc3-c3nnn[nH]3)cc2)C(C)=N1,0,0,111.42,111.311356,False,1024
195,CC1=NC2C(C(O)=CC(=O)N2Cc2ccc(-c3ccccc3-c3nnn[nH]3)cc2)C(C)=N1,49,C-H,[H],CC1=NC2C(C(O)=CC(=O)N2Cc2ccc(-c3cc[c]cc3-c3nnn[nH]3)cc2)C(C)=N1,0,0,,,False,1024
196,CC1=NC2C(C(O)=CC(=O)N2Cc2ccc(-c3ccccc3-c3nnn[nH]3)cc2)C(C)=N1,50,C-H,[H],CC1=NC2C(C(O)=CC(=O)N2Cc2ccc(-c3ccc[c]c3-c3nnn[nH]3)cc2)C(C)=N1,0,0,112.75,112.65938999999999,False,1024
197,CC1=NC2C(C(O)=CC(=O)N2Cc2ccc(-c3ccccc3-c3nnn[nH]3)cc2)C(C)=N1,54,C-H,[H],[CH2]C1=NC(C)=NC2C1C(O)=CC(=O)N2Cc1ccc(-c2ccccc2-c2nnn[nH]2)cc1,0,0,,,False,1024
198,CCCCCOc1ccc2ccc(=O)oc2c1,18,C-H,[H],[CH2]CCCCOc1ccc2ccc(=O)oc2c1,0,0,99.95,100.19644,False,1071
199,CCCCCOc1ccc2ccc(=O)oc2c1,21,C-H,[H],C[CH]CCCOc1ccc2ccc(=O)oc2c1,0,0,97.24,96.982956,False,1071
200,CCCCCOc1ccc2ccc(=O)oc2c1,23,C-H,[H],CC[CH]CCOc1ccc2ccc(=O)oc2c1,0,0,97.41,97.07212,False,1071
201,CCCCCOc1ccc2ccc(=O)oc2c1,25,C-H,[H],CCC[CH]COc1ccc2ccc(=O)oc2c1,0,0,98.54,98.12384,False,1071
202,CCCCCOc1ccc2ccc(=O)oc2c1,27,C-H,[H],CCCC[CH]Oc1ccc2ccc(=O)oc2c1,0,0,95.35,94.19153,True,1071
203,CCCCCOc1ccc2ccc(=O)oc2c1,29,C-H,[H],CCCCCOc1[c]cc2ccc(=O)oc2c1,0,0,114.24,113.080025,False,1071
204,CCCCCOc1ccc2ccc(=O)oc2c1,30,C-H,[H],CCCCCOc1c[c]c2ccc(=O)oc2c1,0,0,111.87,109.91078,False,1071
205,CCCCCOc1ccc2ccc(=O)oc2c1,31,C-H,[H],CCCCCOc1ccc2[c]cc(=O)oc2c1,0,0,110.35,109.33046999999999,False,1071
206,CCCCCOc1ccc2ccc(=O)oc2c1,32,C-H,[H],CCCCCOc1ccc2c[c]c(=O)oc2c1,0,0,,,False,1071
207,CCCCCOc1ccc2ccc(=O)oc2c1,33,C-H,[H],CCCCCOc1[c]c2oc(=O)ccc2cc1,0,0,114.01,115.118835,False,1071
208,CCOc1ccc(NC(C)=O)cc1,13,C-H,[H],[CH2]COc1ccc(NC(C)=O)cc1,0,0,102.01,101.56218,False,1020
209,CCOc1ccc(NC(C)=O)cc1,16,C-H,[H],C[CH]Oc1ccc(NC(C)=O)cc1,0,0,94.47,94.10829,True,1020
210,CCOc1ccc(NC(C)=O)cc1,18,C-H,[H],CCOc1[c]cc(NC(C)=O)cc1,0,0,110.48,113.08818000000001,False,1020
211,CCOc1ccc(NC(C)=O)cc1,19,C-H,[H],CCOc1c[c]c(NC(C)=O)cc1,0,0,111.11,112.017876,False,1020
212,CCOc1ccc(NC(C)=O)cc1,21,C-H,[H],[CH2]C(=O)Nc1ccc(OCC)cc1,0,0,,,False,1020
213,Cc1cccc(C)c1OCC(C)N,13,C-H,[H],[CH2]c1cccc(C)c1OCC(C)N,0,0,89.62,89.742355,True,1042
214,Cc1cccc(C)c1OCC(C)N,16,C-H,[H],Cc1[c]ccc(C)c1OCC(C)N,0,0,111.08,111.03296999999999,False,1042
215,Cc1cccc(C)c1OCC(C)N,17,C-H,[H],Cc1c[c]cc(C)c1OCC(C)N,0,0,111.24,111.537476,False,1042
216,Cc1cccc(C)c1OCC(C)N,22,C-H,[H],Cc1cccc(C)c1O[CH]C(C)N,0,0,94.97,94.82982,False,1042
217,Cc1cccc(C)c1OCC(C)N,24,C-H,[H],C[C](N)COc1c(C)cccc1C,0,-1,89.95,89.12269599999999,False,1042
218,Cc1cccc(C)c1OCC(C)N,25,C-H,[H],[CH2]C(N)COc1c(C)cccc1C,0,0,100.78,101.07292,False,1042
219,C=C(C)[C@H]1CC=C(C)CC1,10,C-H,[H],[CH]=C(C)[C@H]1CC=C(C)CC1,0,0,109.43,109.115555,False,1049
220,C=C(C)[C@H]1CC=C(C)CC1,12,C-H,[H],[CH2]C(=C)[C@H]1CC=C(C)CC1,0,0,88.16,88.13079,False,1049
221,C=C(C)[C@H]1CC=C(C)CC1,15,C-H,[H],C=C(C)[C]1CC=C(C)CC1,-1,0,85.04,84.03715,False,1049
222,C=C(C)[C@H]1CC=C(C)CC1,16,C-H,[H],C=C(C)[C@H]1[CH]C=C(C)CC1,0,0,84.07,83.14197,False,1049
223,C=C(C)[C@H]1CC=C(C)CC1,18,C-H,[H],C=C(C)[C@H]1C[C]=C(C)CC1,0,0,108.04,107.95692,False,1049
224,C=C(C)[C@H]1CC=C(C)CC1,19,C-H,[H],[CH2]C1=CC[C@H](C(=C)C)CC1,0,0,,88.30807,True,1049
225,C=C(C)[C@H]1CC=C(C)CC1,22,C-H,[H],C=C(C)[C@@H]1C[CH]C(C)=CC1,0,0,85.23,85.39671,False,1049
226,C=C(C)[C@H]1CC=C(C)CC1,24,C-H,[H],C=C(C)[C@@H]1[CH]CC(C)=CC1,0,0,97.67,97.719666,False,1049
227,CC(=O)[C@]1(C)CC[C@H]2[C@@H]3CCC4=CC(=O)CC[C@]4(C)[C@H]3CC[C@@]21C,27,C-H,[H],[CH2]C(=O)[C@]1(C)CC[C@H]2[C@@H]3CCC4=CC(=O)CC[C@]4(C)[C@H]3CC[C@@]21C,0,0,94.4,93.881546,True,1068
228,CC(=O)[C@]1(C)CC[C@H]2[C@@H]3CCC4=CC(=O)CC[C@]4(C)[C@H]3CC[C@@]21C,30,C-H,[H],[CH2][C@@]1(C(C)=O)CC[C@H]2[C@@H]3CCC4=CC(=O)CC[C@]4(C)[C@H]3CC[C@@]21C,0,0,99.11,98.688644,False,1068
229,CC(=O)[C@]1(C)CC[C@H]2[C@@H]3CCC4=CC(=O)CC[C@]4(C)[C@H]3CC[C@@]21C,33,C-H,[H],CC(=O)[C@]1(C)[CH]C[C@H]2[C@@H]3CCC4=CC(=O)CC[C@]4(C)[C@H]3CC[C@@]21C,0,0,,,False,1068
230,CC(=O)[C@]1(C)CC[C@H]2[C@@H]3CCC4=CC(=O)CC[C@]4(C)[C@H]3CC[C@@]21C,35,C-H,[H],CC(=O)[C@]1(C)C[CH][C@H]2[C@@H]3CCC4=CC(=O)CC[C@]4(C)[C@H]3CC[C@@]21C,0,0,96.46,97.01617399999999,False,1068
231,CC(=O)[C@]1(C)CC[C@H]2[C@@H]3CCC4=CC(=O)CC[C@]4(C)[C@H]3CC[C@@]21C,37,C-H,[H],CC(=O)[C@]1(C)CC[C]2[C@@H]3CCC4=CC(=O)CC[C@]4(C)[C@H]3CC[C@@]21C,-1,0,,,False,1068
232,CC(=O)[C@]1(C)CC[C@H]2[C@@H]3CCC4=CC(=O)CC[C@]4(C)[C@H]3CC[C@@]21C,38,C-H,[H],CC(=O)[C@]1(C)CC[C@H]2[C]3CCC4=CC(=O)CC[C@]4(C)[C@H]3CC[C@@]21C,-1,0,95.27,96.796745,False,1068
233,CC(=O)[C@]1(C)CC[C@H]2[C@@H]3CCC4=CC(=O)CC[C@]4(C)[C@H]3CC[C@@]21C,39,C-H,[H],CC(=O)[C@]1(C)CC[C@H]2[C@@H]3[CH]CC4=CC(=O)CC[C@]4(C)[C@H]3CC[C@@]21C,0,0,,,False,1068
234,CC(=O)[C@]1(C)CC[C@H]2[C@@H]3CCC4=CC(=O)CC[C@]4(C)[C@H]3CC[C@@]21C,41,C-H,[H],CC(=O)[C@]1(C)CC[C@H]2[C@@H]3C[CH]C4=CC(=O)CC[C@]4(C)[C@H]3CC[C@@]21C,0,0,81.83,84.68489,False,1068
235,CC(=O)[C@]1(C)CC[C@H]2[C@@H]3CCC4=CC(=O)CC[C@]4(C)[C@H]3CC[C@@]21C,43,C-H,[H],CC(=O)[C@]1(C)CC[C@H]2[C@@H]3CCC4=[C]C(=O)CC[C@]4(C)[C@H]3CC[C@@]21C,0,0,110.94,110.94568000000001,False,1068
236,CC(=O)[C@]1(C)CC[C@H]2[C@@H]3CCC4=CC(=O)CC[C@]4(C)[C@H]3CC[C@@]21C,44,C-H,[H],CC(=O)[C@]1(C)CC[C@H]2[C@@H]3CCC4=CC(=O)[CH]C[C@]4(C)[C@H]3CC[C@@]21C,0,0,90.67,91.14186,False,1068
237,CC(=O)[C@]1(C)CC[C@H]2[C@@H]3CCC4=CC(=O)CC[C@]4(C)[C@H]3CC[C@@]21C,46,C-H,[H],CC(=O)[C@]1(C)CC[C@H]2[C@@H]3CCC4=CC(=O)C[CH][C@]4(C)[C@H]3CC[C@@]21C,0,0,,,False,1068
238,CC(=O)[C@]1(C)CC[C@H]2[C@@H]3CCC4=CC(=O)CC[C@]4(C)[C@H]3CC[C@@]21C,48,C-H,[H],[CH2][C@]12CCC(=O)C=C1CC[C@H]1[C@@H]3CC[C@@](C)(C(C)=O)[C@@]3(C)CC[C@@H]12,0,0,98.74,99.53211999999999,False,1068
239,CC(=O)[C@]1(C)CC[C@H]2[C@@H]3CCC4=CC(=O)CC[C@]4(C)[C@H]3CC[C@@]21C,51,C-H,[H],CC(=O)[C@]1(C)CC[C@H]2[C@@H]3CCC4=CC(=O)CC[C@]4(C)[C]3CC[C@@]21C,-1,0,94.52,95.26868,False,1068
240,CC(=O)[C@]1(C)CC[C@H]2[C@@H]3CCC4=CC(=O)CC[C@]4(C)[C@H]3CC[C@@]21C,52,C-H,[H],CC(=O)[C@]1(C)CC[C@H]2[C@@H]3CCC4=CC(=O)CC[C@]4(C)[C@H]3[CH]C[C@@]21C,0,0,95.25,96.74994000000001,False,1068
241,CC(=O)[C@]1(C)CC[C@H]2[C@@H]3CCC4=CC(=O)CC[C@]4(C)[C@H]3CC[C@@]21C,54,C-H,[H],CC(=O)[C@]1(C)CC[C@H]2[C@@H]3CCC4=CC(=O)CC[C@]4(C)[C@H]3C[CH][C@@]21C,0,0,99.16,97.02382,False,1068
242,CC(=O)[C@]1(C)CC[C@H]2[C@@H]3CCC4=CC(=O)CC[C@]4(C)[C@H]3CC[C@@]21C,56,C-H,[H],[CH2][C@]12CC[C@H]3[C@@H](CCC4=CC(=O)CC[C@@]43C)[C@@H]1CC[C@@]2(C)C(C)=O,0,0,97.55,99.378204,False,1068
243,Nc1nc(=O)c2ncn(COCCO)c2[nH]1,19,C-H,[H],Nc1nc(=O)c2n[c]n(COCCO)c2[nH]1,0,0,114.86,115.8036,False,1014
244,Nc1nc(=O)c2ncn(COCCO)c2[nH]1,20,C-H,[H],Nc1nc(=O)c2ncn([CH]OCCO)c2[nH]1,0,0,93.57,96.31774,False,1014
245,Nc1nc(=O)c2ncn(COCCO)c2[nH]1,22,C-H,[H],Nc1nc(=O)c2ncn(CO[CH]CO)c2[nH]1,0,0,95.48,98.14138,False,1014
246,Nc1nc(=O)c2ncn(COCCO)c2[nH]1,24,C-H,[H],Nc1nc(=O)c2ncn(COC[CH]O)c2[nH]1,0,0,,,True,1014
247,C[C@]12CC[C@H]3[C@@H](CCC4=CC(=O)CC[C@@]43C)[C@@H]1CCC2=O,24,C-H,[H],[CH2][C@]12CC[C@H]3[C@@H](CCC4=CC(=O)CC[C@@]43C)[C@@H]1CCC2=O,0,0,97.9,100.15568499999999,False,1037
248,C[C@]12CC[C@H]3[C@@H](CCC4=CC(=O)CC[C@@]43C)[C@@H]1CCC2=O,27,C-H,[H],C[C@]12[CH]C[C@H]3[C@@H](CCC4=CC(=O)CC[C@@]43C)[C@@H]1CCC2=O,0,0,98.41,97.540184,False,1037
249,C[C@]12CC[C@H]3[C@@H](CCC4=CC(=O)CC[C@@]43C)[C@@H]1CCC2=O,29,C-H,[H],C[C@]12C[CH][C@H]3[C@@H](CCC4=CC(=O)CC[C@@]43C)[C@@H]1CCC2=O,0,0,95.17,96.50479,False,1037
250,C[C@]12CC[C@H]3[C@@H](CCC4=CC(=O)CC[C@@]43C)[C@@H]1CCC2=O,31,C-H,[H],C[C@]12CC[C]3[C@@H](CCC4=CC(=O)CC[C@]34C)[C@@H]1CCC2=O,-1,0,94.68,94.68703000000001,False,1037
251,C[C@]12CC[C@H]3[C@@H](CCC4=CC(=O)CC[C@@]43C)[C@@H]1CCC2=O,32,C-H,[H],C[C@]12CC[C@H]3[C](CCC4=CC(=O)CC[C@@]43C)[C@@H]1CCC2=O,-1,0,95.55,97.1768,False,1037
252,C[C@]12CC[C@H]3[C@@H](CCC4=CC(=O)CC[C@@]43C)[C@@H]1CCC2=O,33,C-H,[H],C[C@]12CC[C@H]3[C@@H]([CH]CC4=CC(=O)CC[C@@]43C)[C@@H]1CCC2=O,0,0,98.35,97.28914,False,1037
253,C[C@]12CC[C@H]3[C@@H](CCC4=CC(=O)CC[C@@]43C)[C@@H]1CCC2=O,35,C-H,[H],C[C@]12CC[C@H]3[C@@H](C[CH]C4=CC(=O)CC[C@@]43C)[C@@H]1CCC2=O,0,0,82.04,83.34000999999999,True,1037
254,C[C@]12CC[C@H]3[C@@H](CCC4=CC(=O)CC[C@@]43C)[C@@H]1CCC2=O,37,C-H,[H],C[C@]12CC[C@H]3[C@@H](CCC4=[C]C(=O)CC[C@@]43C)[C@@H]1CCC2=O,0,0,110.88,111.06307,False,1037
255,C[C@]12CC[C@H]3[C@@H](CCC4=CC(=O)CC[C@@]43C)[C@@H]1CCC2=O,38,C-H,[H],C[C@]12CC[C@H]3[C@@H](CCC4=CC(=O)[CH]C[C@@]43C)[C@@H]1CCC2=O,0,0,90.62,91.01399,False,1037
256,C[C@]12CC[C@H]3[C@@H](CCC4=CC(=O)CC[C@@]43C)[C@@H]1CCC2=O,40,C-H,[H],C[C@]12CC[C@H]3[C@@H](CCC4=CC(=O)C[CH][C@@]43C)[C@@H]1CCC2=O,0,0,97.46,95.79158000000001,False,1037
257,C[C@]12CC[C@H]3[C@@H](CCC4=CC(=O)CC[C@@]43C)[C@@H]1CCC2=O,42,C-H,[H],[CH2][C@]12CCC(=O)C=C1CC[C@H]1[C@@H]3CCC(=O)[C@@]3(C)CC[C@@H]12,0,0,98.7,99.2522,False,1037
258,C[C@]12CC[C@H]3[C@@H](CCC4=CC(=O)CC[C@@]43C)[C@@H]1CCC2=O,45,C-H,[H],C[C@]12CC[C@H]3[C@@H](CCC4=CC(=O)CC[C@@]43C)[C]1CCC2=O,-1,0,,,False,1037
259,C[C@]12CC[C@H]3[C@@H](CCC4=CC(=O)CC[C@@]43C)[C@@H]1CCC2=O,46,C-H,[H],C[C@]12CC[C@H]3[C@@H](CCC4=CC(=O)CC[C@@]43C)[C@@H]1[CH]CC2=O,0,0,97.79,95.811295,False,1037
260,C[C@]12CC[C@H]3[C@@H](CCC4=CC(=O)CC[C@@]43C)[C@@H]1CCC2=O,48,C-H,[H],C[C@]12CC[C@H]3[C@@H](CCC4=CC(=O)CC[C@@]43C)[C@@H]1C[CH]C2=O,0,0,90.53,89.51346600000001,False,1037
261,N=C(N)N1CCc2ccccc2C1,17,C-H,[H],N=C(N)N1[CH]Cc2ccccc2C1,0,0,90.49,90.29007,False,1027
262,N=C(N)N1CCc2ccccc2C1,19,C-H,[H],N=C(N)N1C[CH]c2ccccc2C1,0,0,87.68,87.69934,True,1027
263,N=C(N)N1CCc2ccccc2C1,21,C-H,[H],N=C(N)N1CCc2[c]cccc2C1,0,0,110.79,111.09344499999999,False,1027
264,N=C(N)N1CCc2ccccc2C1,22,C-H,[H],N=C(N)N1CCc2c[c]ccc2C1,0,0,111.2,111.2632,False,1027
265,N=C(N)N1CCc2ccccc2C1,23,C-H,[H],N=C(N)N1CCc2cc[c]cc2C1,0,0,111.21,111.35448000000001,False,1027
266,N=C(N)N1CCc2ccccc2C1,24,C-H,[H],N=C(N)N1CCc2ccc[c]c2C1,0,0,111.06,110.94386000000002,False,1027
267,N=C(N)N1CCc2ccccc2C1,25,C-H,[H],N=C(N)N1[CH]c2ccccc2CC1,0,0,79.94,79.3687,False,1027
