,molecule,bond_index,fragment1,fragment2,bde,bond_type,delta_stereo,radicals,BDE
7,CC(=O)Oc1ccccc1C(=O)O,13,[H],[CH2]C(=O)Oc1ccccc1C(=O)O,97.8449683340139,C-H,0,"['[CH2]C(=O)Oc1ccccc1C(=O)O', '[H]']",97.86
8,CC(=O)Oc1ccccc1C(=O)O,16,[H],CC(=O)Oc1[c]cccc1C(=O)O,113.58665910807699,C-H,0,"['CC(=O)Oc1[c]cccc1C(=O)O', '[H]']",113.58
9,CC(=O)Oc1ccccc1C(=O)O,17,[H],CC(=O)Oc1c[c]ccc1C(=O)O,111.28244606004499,C-H,0,"['CC(=O)Oc1c[c]ccc1C(=O)O', '[H]']",111.27
11,CC(=O)Oc1ccccc1C(=O)O,19,[H],CC(=O)Oc1ccc[c]c1C(=O)O,111.66648156807399,C-H,0,"['CC(=O)Oc1ccc[c]c1C(=O)O', '[H]']",111.67
12,CCCCCc1cc(O)c2c(c1)OC(C)(C)[C@@H]1CCC(C)=C[C@@H]21,25,[H],[CH2]CCCCc1cc(O)c2c(c1)OC(C)(C)[C@@H]1CCC(C)=C[C@@H]21,100.102745715949,C-H,0,"['[CH2]CCCCc1cc(O)c2c(c1)OC(C)(C)[C@@H]1CCC(C)=C[C@@H]21', '[H]']",100.13
17,CCCCCc1cc(O)c2c(c1)OC(C)(C)[C@@H]1CCC(C)=C[C@@H]21,36,[H],CCCCCc1[c]c(O)c2c(c1)OC(C)(C)[C@@H]1CCC(C)=C[C@@H]21,112.032319315007,C-H,0,"['CCCCCc1[c]c(O)c2c(c1)OC(C)(C)[C@@H]1CCC(C)=C[C@@H]21', '[H]']",112.06
19,CCCCCc1cc(O)c2c(c1)OC(C)(C)[C@@H]1CCC(C)=C[C@@H]21,46,[H],CCCCCc1cc(O)c2c(c1)OC(C)(C)[C@@H]1[CH]CC(C)=C[C@@H]21,96.46131098901171,C-H,0,"['CCCCCc1cc(O)c2c(c1)OC(C)(C)[C@@H]1[CH]CC(C)=C[C@@H]21', '[H]']",96.43
20,CCCCCc1cc(O)c2c(c1)OC(C)(C)[C@@H]1CCC(C)=C[C@@H]21,48,[H],CCCCCc1cc(O)c2c(c1)OC(C)(C)[C@@H]1C[CH]C(C)=C[C@@H]21,83.80445445900709,C-H,0,"['CCCCCc1cc(O)c2c(c1)OC(C)(C)[C@@H]1C[CH]C(C)=C[C@@H]21', '[H]']",83.8
21,CCCCCc1cc(O)c2c(c1)OC(C)(C)[C@@H]1CCC(C)=C[C@@H]21,50,[H],[CH2]C1=C[C@H]2c3c(O)cc(CCCCC)cc3OC(C)(C)[C@@H]2CC1,88.16438699098559,C-H,0,"['[CH2]C1=C[C@H]2c3c(O)cc(CCCCC)cc3OC(C)(C)[C@@H]2CC1', '[H]']",88.19
23,C=C(C)[C@H]1CC=C(C)CC1,10,[H],[CH]=C(C)[C@H]1CC=C(C)CC1,109.425019419991,C-H,0,"['[CH]=C(C)[C@H]1CC=C(C)CC1', '[H]']",109.43
24,C=C(C)[C@H]1CC=C(C)CC1,12,[H],[CH2]C(=C)[C@H]1CC=C(C)CC1,88.16940706300859,C-H,0,"['[CH2]C(=C)[C@H]1CC=C(C)CC1', '[H]']",88.16
26,C=C(C)[C@H]1CC=C(C)CC1,18,[H],C=C(C)[C@H]1C[C]=C(C)CC1,108.033204458009,C-H,0,"['C=C(C)[C@H]1C[C]=C(C)CC1', '[H]']",108.04
28,C=C(C)[C@H]1CC=C(C)CC1,22,[H],C=C(C)[C@@H]1C[CH]C(C)=CC1,85.2288998890134,C-H,0,"['C=C(C)[C@@H]1C[CH]C(C)=CC1', '[H]']",85.23
29,C=C(C)[C@H]1CC=C(C)CC1,24,[H],C=C(C)[C@@H]1[CH]CC(C)=CC1,97.70064126402158,C-H,0,"['C=C(C)[C@@H]1[CH]CC(C)=CC1', '[H]']",97.67
31,CC(C)(C)NC(=O)[C@H]1CC[C@H]2[C@@H]3CC[C@H]4NC(=O)C=C[C@]4(C)[C@H]3CC[C@]12C,41,[H],CC(C)(C)NC(=O)[C@H]1[CH]C[C@H]2[C@@H]3CC[C@H]4NC(=O)C=C[C@]4(C)[C@H]3CC[C@]12C,96.083550571038,C-H,0,"['CC(C)(C)NC(=O)[C@H]1[CH]C[C@H]2[C@@H]3CC[C@H]4NC(=O)C=C[C@]4(C)[C@H]3CC[C@]12C', '[H]']",96.09
32,CC(C)(C)NC(=O)[C@H]1CC[C@H]2[C@@H]3CC[C@H]4NC(=O)C=C[C@]4(C)[C@H]3CC[C@]12C,43,[H],CC(C)(C)NC(=O)[C@H]1C[CH][C@H]2[C@@H]3CC[C@H]4NC(=O)C=C[C@]4(C)[C@H]3CC[C@]12C,96.534729541969,C-H,0,"['CC(C)(C)NC(=O)[C@H]1C[CH][C@H]2[C@@H]3CC[C@H]4NC(=O)C=C[C@]4(C)[C@H]3CC[C@]12C', '[H]']",96.58
33,CC(C)(C)NC(=O)[C@H]1CC[C@H]2[C@@H]3CC[C@H]4NC(=O)C=C[C@]4(C)[C@H]3CC[C@]12C,47,[H],CC(C)(C)NC(=O)[C@H]1CC[C@H]2[C@@H]3[CH]C[C@H]4NC(=O)C=C[C@]4(C)[C@H]3CC[C@]12C,97.7238590970343,C-H,0,"['CC(C)(C)NC(=O)[C@H]1CC[C@H]2[C@@H]3[CH]C[C@H]4NC(=O)C=C[C@]4(C)[C@H]3CC[C@]12C', '[H]']",97.77
34,CC(C)(C)NC(=O)[C@H]1CC[C@H]2[C@@H]3CC[C@H]4NC(=O)C=C[C@]4(C)[C@H]3CC[C@]12C,49,[H],CC(C)(C)NC(=O)[C@H]1CC[C@H]2[C@@H]3C[CH][C@H]4NC(=O)C=C[C@]4(C)[C@H]3CC[C@]12C,98.03510356096191,C-H,0,"['CC(C)(C)NC(=O)[C@H]1CC[C@H]2[C@@H]3C[CH][C@H]4NC(=O)C=C[C@]4(C)[C@H]3CC[C@]12C', '[H]']",98.08
36,CC(C)(C)NC(=O)[C@H]1CC[C@H]2[C@@H]3CC[C@H]4NC(=O)C=C[C@]4(C)[C@H]3CC[C@]12C,54,[H],CC(C)(C)NC(=O)[C@H]1CC[C@H]2[C@@H]3CC[C@H]4NC(=O)C=[C][C@]4(C)[C@H]3CC[C@]12C,106.26049153302601,C-H,0,"['CC(C)(C)NC(=O)[C@H]1CC[C@H]2[C@@H]3CC[C@H]4NC(=O)C=[C][C@]4(C)[C@H]3CC[C@]12C', '[H]']",106.28
37,CC(C)(C)NC(=O)[C@H]1CC[C@H]2[C@@H]3CC[C@H]4NC(=O)C=C[C@]4(C)[C@H]3CC[C@]12C,59,[H],CC(C)(C)NC(=O)[C@H]1CC[C@H]2[C@@H]3CC[C@H]4NC(=O)C=C[C@]4(C)[C@H]3[CH]C[C@]12C,95.3104594829924,C-H,0,"['CC(C)(C)NC(=O)[C@H]1CC[C@H]2[C@@H]3CC[C@H]4NC(=O)C=C[C@]4(C)[C@H]3[CH]C[C@]12C', '[H]']",95.35
39,CC(C)(C)NC(=O)[C@H]1CC[C@H]2[C@@H]3CC[C@H]4NC(=O)C=C[C@]4(C)[C@H]3CC[C@]12C,63,[H],[CH2][C@]12CC[C@H]3[C@@H](CC[C@H]4NC(=O)C=C[C@]34C)[C@@H]1CC[C@@H]2C(=O)NC(C)(C)C,98.67704526798201,C-H,0,"['[CH2][C@]12CC[C@H]3[C@@H](CC[C@H]4NC(=O)C=C[C@]34C)[C@@H]1CC[C@@H]2C(=O)NC(C)(C)C', '[H]']",98.74
40,CC[C@@H](C(N)=O)N1CCCC1=O,12,[H],[CH2]C[C@@H](C(N)=O)N1CCCC1=O,99.4871593870055,C-H,0,"['[CH2]C[C@@H](C(N)=O)N1CCCC1=O', '[H]']",99.47
41,CC[C@@H](C(N)=O)N1CCCC1=O,15,[H],C[CH][C@@H](C(N)=O)N1CCCC1=O,97.31472322906859,C-H,0,"['C[CH][C@@H](C(N)=O)N1CCCC1=O', '[H]']",97.29
42,CC[C@@H](C(N)=O)N1CCCC1=O,20,[H],CC[C@@H](C(N)=O)N1[CH]CCC1=O,92.4935715820418,C-H,0,"['CC[C@@H](C(N)=O)N1[CH]CCC1=O', '[H]']",92.52
43,CC[C@@H](C(N)=O)N1CCCC1=O,22,[H],CC[C@@H](C(N)=O)N1C[CH]CC1=O,96.6533287430263,C-H,0,"['CC[C@@H](C(N)=O)N1C[CH]CC1=O', '[H]']",96.63
44,CC[C@@H](C(N)=O)N1CCCC1=O,24,[H],CC[C@@H](C(N)=O)N1CC[CH]C1=O,93.456170388037,C-H,0,"['CC[C@@H](C(N)=O)N1CC[CH]C1=O', '[H]']",93.45
45,Cc1nccn1CC1CCc2c(c3ccccc3n2C)C1=O,25,[H],[CH2]c1nccn1CC1CCc2c(c3ccccc3n2C)C1=O,88.9876787990472,C-H,0,"['[CH2]c1nccn1CC1CCc2c(c3ccccc3n2C)C1=O', '[H]']",88.99
46,Cc1nccn1CC1CCc2c(c3ccccc3n2C)C1=O,28,[H],Cc1n[c]cn1CC1CCc2c(c3ccccc3n2C)C1=O,115.22132005301701,C-H,0,"['Cc1n[c]cn1CC1CCc2c(c3ccccc3n2C)C1=O', '[H]']",115.24
48,Cc1nccn1CC1CCc2c(c3ccccc3n2C)C1=O,30,[H],Cc1nccn1[CH]C1CCc2c(c3ccccc3n2C)C1=O,93.11794303703479,C-H,0,"['Cc1nccn1[CH]C1CCc2c(c3ccccc3n2C)C1=O', '[H]']",93.12
49,Cc1nccn1CC1CCc2c(c3ccccc3n2C)C1=O,33,[H],Cc1nccn1CC1[CH]Cc2c(c3ccccc3n2C)C1=O,97.87571627500759,C-H,0,"['Cc1nccn1CC1[CH]Cc2c(c3ccccc3n2C)C1=O', '[H]']",97.92
50,Cc1nccn1CC1CCc2c(c3ccccc3n2C)C1=O,35,[H],Cc1nccn1CC1C[CH]c2c(c3ccccc3n2C)C1=O,84.7683082829991,C-H,0,"['Cc1nccn1CC1C[CH]c2c(c3ccccc3n2C)C1=O', '[H]']",84.79
51,Cc1nccn1CC1CCc2c(c3ccccc3n2C)C1=O,37,[H],Cc1nccn1CC1CCc2c(c3[c]cccc3n2C)C1=O,112.78282007903799,C-H,0,"['Cc1nccn1CC1CCc2c(c3[c]cccc3n2C)C1=O', '[H]']",112.78
52,Cc1nccn1CC1CCc2c(c3ccccc3n2C)C1=O,38,[H],Cc1nccn1CC1CCc2c(c3c[c]ccc3n2C)C1=O,111.423008076047,C-H,0,"['Cc1nccn1CC1CCc2c(c3c[c]ccc3n2C)C1=O', '[H]']",111.42
53,Cc1nccn1CC1CCc2c(c3ccccc3n2C)C1=O,39,[H],Cc1nccn1CC1CCc2c(c3cc[c]cc3n2C)C1=O,111.328254217001,C-H,0,"['Cc1nccn1CC1CCc2c(c3cc[c]cc3n2C)C1=O', '[H]']",111.33
54,Cc1nccn1CC1CCc2c(c3ccccc3n2C)C1=O,40,[H],Cc1nccn1CC1CCc2c(c3ccc[c]c3n2C)C1=O,111.81331867398899,C-H,0,"['Cc1nccn1CC1CCc2c(c3ccc[c]c3n2C)C1=O', '[H]']",111.82
55,Cc1nccn1CC1CCc2c(c3ccccc3n2C)C1=O,41,[H],[CH2]n1c2c(c3ccccc31)C(=O)C(Cn1ccnc1C)CC2,92.5305946130196,C-H,0,"['[CH2]n1c2c(c3ccccc31)C(=O)C(Cn1ccnc1C)CC2', '[H]']",92.5
56,C#C[C@]1(O)CC[C@H]2[C@@H]3CCC4=CC(=O)CC[C@@H]4[C@H]3CC[C@@]21CC,26,[H],[C]#C[C@]1(O)CC[C@H]2[C@@H]3CCC4=CC(=O)CC[C@@H]4[C@H]3CC[C@@]21CC,131.398502073051,C-H,0,"['[C]#C[C@]1(O)CC[C@H]2[C@@H]3CCC4=CC(=O)CC[C@@H]4[C@H]3CC[C@@]21CC', '[H]']",131.4
57,C#C[C@]1(O)CC[C@H]2[C@@H]3CCC4=CC(=O)CC[C@@H]4[C@H]3CC[C@@]21CC,28,[H],C#C[C@]1(O)[CH]C[C@H]2[C@@H]3CCC4=CC(=O)CC[C@@H]4[C@H]3CC[C@@]21CC,96.16324421405079,C-H,0,"['C#C[C@]1(O)[CH]C[C@H]2[C@@H]3CCC4=CC(=O)CC[C@@H]4[C@H]3CC[C@@]21CC', '[H]']",96.16
59,C#C[C@]1(O)CC[C@H]2[C@@H]3CCC4=CC(=O)CC[C@@H]4[C@H]3CC[C@@]21CC,34,[H],C#C[C@]1(O)CC[C@H]2[C@@H]3[CH]CC4=CC(=O)CC[C@@H]4[C@H]3CC[C@@]21CC,98.30995250305271,C-H,0,"['C#C[C@]1(O)CC[C@H]2[C@@H]3[CH]CC4=CC(=O)CC[C@@H]4[C@H]3CC[C@@]21CC', '[H]']",98.23
61,C#C[C@]1(O)CC[C@H]2[C@@H]3CCC4=CC(=O)CC[C@@H]4[C@H]3CC[C@@]21CC,38,[H],C#C[C@]1(O)CC[C@H]2[C@@H]3CCC4=[C]C(=O)CC[C@@H]4[C@H]3CC[C@@]21CC,111.03583502302601,C-H,0,"['C#C[C@]1(O)CC[C@H]2[C@@H]3CCC4=[C]C(=O)CC[C@@H]4[C@H]3CC[C@@]21CC', '[H]']",111.01
63,C#C[C@]1(O)CC[C@H]2[C@@H]3CCC4=CC(=O)CC[C@@H]4[C@H]3CC[C@@]21CC,41,[H],C#C[C@]1(O)CC[C@H]2[C@@H]3CCC4=CC(=O)C[CH][C@@H]4[C@H]3CC[C@@]21CC,97.2419321850383,C-H,0,"['C#C[C@]1(O)CC[C@H]2[C@@H]3CCC4=CC(=O)C[CH][C@@H]4[C@H]3CC[C@@]21CC', '[H]']",97.21
65,C#C[C@]1(O)CC[C@H]2[C@@H]3CCC4=CC(=O)CC[C@@H]4[C@H]3CC[C@@]21CC,47,[H],C#C[C@]1(O)CC[C@H]2[C@@H]3CCC4=CC(=O)CC[C@@H]4[C@H]3C[CH][C@@]21CC,97.3699440210005,C-H,0,"['C#C[C@]1(O)CC[C@H]2[C@@H]3CCC4=CC(=O)CC[C@@H]4[C@H]3C[CH][C@@]21CC', '[H]']",97.41
67,C#C[C@]1(O)CC[C@H]2[C@@H]3CCC4=CC(=O)CC[C@@H]4[C@H]3CC[C@@]21CC,51,[H],C#C[C@]1(O)CC[C@H]2[C@@H]3CCC4=CC(=O)CC[C@@H]4[C@H]3CC[C@@]21C[CH2],99.06170828500959,C-H,0,"['C#C[C@]1(O)CC[C@H]2[C@@H]3CCC4=CC(=O)CC[C@@H]4[C@H]3CC[C@@]21C[CH2]', '[H]']",99.02
68,C#C[C@]1(O)CC[C@H]2[C@@H]3CCC4=CCCC[C@@H]4[C@H]3C(=C)C[C@@]21CC,26,[H],[C]#C[C@]1(O)CC[C@H]2[C@@H]3CCC4=CCCC[C@@H]4[C@H]3C(=C)C[C@@]21CC,131.284295434982,C-H,0,"['[C]#C[C@]1(O)CC[C@H]2[C@@H]3CCC4=CCCC[C@@H]4[C@H]3C(=C)C[C@@]21CC', '[H]']",131.33
69,C#C[C@]1(O)CC[C@H]2[C@@H]3CCC4=CCCC[C@@H]4[C@H]3C(=C)C[C@@]21CC,28,[H],C#C[C@]1(O)[CH]C[C@H]2[C@@H]3CCC4=CCCC[C@@H]4[C@H]3C(=C)C[C@@]21CC,96.18771706498909,C-H,0,"['C#C[C@]1(O)[CH]C[C@H]2[C@@H]3CCC4=CCCC[C@@H]4[C@H]3C(=C)C[C@@]21CC', '[H]']",96.2
70,C#C[C@]1(O)CC[C@H]2[C@@H]3CCC4=CCCC[C@@H]4[C@H]3C(=C)C[C@@]21CC,30,[H],C#C[C@]1(O)C[CH][C@H]2[C@@H]3CCC4=CCCC[C@@H]4[C@H]3C(=C)C[C@@]21CC,96.7756929980027,C-H,0,"['C#C[C@]1(O)C[CH][C@H]2[C@@H]3CCC4=CCCC[C@@H]4[C@H]3C(=C)C[C@@]21CC', '[H]']",96.79
71,C#C[C@]1(O)CC[C@H]2[C@@H]3CCC4=CCCC[C@@H]4[C@H]3C(=C)C[C@@]21CC,34,[H],C#C[C@]1(O)CC[C@H]2[C@@H]3[CH]CC4=CCCC[C@@H]4[C@H]3C(=C)C[C@@]21CC,98.3444654980369,C-H,0,"['C#C[C@]1(O)CC[C@H]2[C@@H]3[CH]CC4=CCCC[C@@H]4[C@H]3C(=C)C[C@@]21CC', '[H]']",98.32
72,C#C[C@]1(O)CC[C@H]2[C@@H]3CCC4=CCCC[C@@H]4[C@H]3C(=C)C[C@@]21CC,36,[H],C#C[C@]1(O)CC[C@H]2[C@@H]3C[CH]C4=CCCC[C@@H]4[C@H]3C(=C)C[C@@]21CC,85.67003871600541,C-H,0,"['C#C[C@]1(O)CC[C@H]2[C@@H]3C[CH]C4=CCCC[C@@H]4[C@H]3C(=C)C[C@@]21CC', '[H]']",85.71
73,C#C[C@]1(O)CC[C@H]2[C@@H]3CCC4=CCCC[C@@H]4[C@H]3C(=C)C[C@@]21CC,38,[H],C#C[C@]1(O)CC[C@H]2[C@@H]3CCC4=[C]CCC[C@@H]4[C@H]3C(=C)C[C@@]21CC,107.514882023998,C-H,0,"['C#C[C@]1(O)CC[C@H]2[C@@H]3CCC4=[C]CCC[C@@H]4[C@H]3C(=C)C[C@@]21CC', '[H]']",107.54
74,C#C[C@]1(O)CC[C@H]2[C@@H]3CCC4=CCCC[C@@H]4[C@H]3C(=C)C[C@@]21CC,39,[H],C#C[C@]1(O)CC[C@H]2[C@@H]3CCC4=C[CH]CC[C@@H]4[C@H]3C(=C)C[C@@]21CC,82.83809059902141,C-H,0,"['C#C[C@]1(O)CC[C@H]2[C@@H]3CCC4=C[CH]CC[C@@H]4[C@H]3C(=C)C[C@@]21CC', '[H]']",82.8
75,C#C[C@]1(O)CC[C@H]2[C@@H]3CCC4=CCCC[C@@H]4[C@H]3C(=C)C[C@@]21CC,41,[H],C#C[C@]1(O)CC[C@H]2[C@@H]3CCC4=CC[CH]C[C@@H]4[C@H]3C(=C)C[C@@]21CC,97.39880943499901,C-H,0,"['C#C[C@]1(O)CC[C@H]2[C@@H]3CCC4=CC[CH]C[C@@H]4[C@H]3C(=C)C[C@@]21CC', '[H]']",97.43
76,C#C[C@]1(O)CC[C@H]2[C@@H]3CCC4=CCCC[C@@H]4[C@H]3C(=C)C[C@@]21CC,43,[H],C#C[C@]1(O)CC[C@H]2[C@@H]3CCC4=CCC[CH][C@@H]4[C@H]3C(=C)C[C@@]21CC,96.0314673240269,C-H,0,"['C#C[C@]1(O)CC[C@H]2[C@@H]3CCC4=CCC[CH][C@@H]4[C@H]3C(=C)C[C@@]21CC', '[H]']",96.09
78,C#C[C@]1(O)CC[C@H]2[C@@H]3CCC4=CCCC[C@@H]4[C@H]3C(=C)C[C@@]21CC,49,[H],C#C[C@]1(O)CC[C@H]2[C@@H]3CCC4=CCCC[C@@H]4[C@H]3C(=C)[CH][C@@]21CC,92.94161300798059,C-H,0,"['C#C[C@]1(O)CC[C@H]2[C@@H]3CCC4=CCCC[C@@H]4[C@H]3C(=C)[CH][C@@]21CC', '[H]']",92.93
79,C#C[C@]1(O)CC[C@H]2[C@@H]3CCC4=CCCC[C@@H]4[C@H]3C(=C)C[C@@]21CC,51,[H],C#C[C@]1(O)CC[C@H]2[C@@H]3CCC4=CCCC[C@@H]4[C@H]3C(=C)C[C@@]21[CH]C,93.667013412004,C-H,0,"['C#C[C@]1(O)CC[C@H]2[C@@H]3CCC4=CCCC[C@@H]4[C@H]3C(=C)C[C@@]21[CH]C', '[H]']",93.75
80,C#C[C@]1(O)CC[C@H]2[C@@H]3CCC4=CCCC[C@@H]4[C@H]3C(=C)C[C@@]21CC,53,[H],C#C[C@]1(O)CC[C@H]2[C@@H]3CCC4=CCCC[C@@H]4[C@H]3C(=C)C[C@@]21C[CH2],98.2628893280289,C-H,0,"['C#C[C@]1(O)CC[C@H]2[C@@H]3CCC4=CCCC[C@@H]4[C@H]3C(=C)C[C@@]21C[CH2]', '[H]']",98.21
82,C[C@]12CC[C@H]3[C@@H](CCC4=CC(=O)CC[C@@]43C)[C@@H]1CC[C@@H]2O,27,[H],C[C@]12[CH]C[C@H]3[C@@H](CCC4=CC(=O)CC[C@@]43C)[C@@H]1CC[C@@H]2O,98.2804595800559,C-H,0,"['C[C@]12[CH]C[C@H]3[C@@H](CCC4=CC(=O)CC[C@@]43C)[C@@H]1CC[C@@H]2O', '[H]']",98.22
83,C[C@]12CC[C@H]3[C@@H](CCC4=CC(=O)CC[C@@]43C)[C@@H]1CC[C@@H]2O,29,[H],C[C@]12C[CH][C@H]3[C@@H](CCC4=CC(=O)CC[C@@]43C)[C@@H]1CC[C@@H]2O,95.1529547240334,C-H,0,"['C[C@]12C[CH][C@H]3[C@@H](CCC4=CC(=O)CC[C@@]43C)[C@@H]1CC[C@@H]2O', '[H]']",95.11
84,C[C@]12CC[C@H]3[C@@H](CCC4=CC(=O)CC[C@@]43C)[C@@H]1CC[C@@H]2O,33,[H],C[C@]12CC[C@H]3[C@@H]([CH]CC4=CC(=O)CC[C@@]43C)[C@@H]1CC[C@@H]2O,98.03133850704279,C-H,0,"['C[C@]12CC[C@H]3[C@@H]([CH]CC4=CC(=O)CC[C@@]43C)[C@@H]1CC[C@@H]2O', '[H]']",97.96
85,C[C@]12CC[C@H]3[C@@H](CCC4=CC(=O)CC[C@@]43C)[C@@H]1CC[C@@H]2O,35,[H],C[C@]12CC[C@H]3[C@@H](C[CH]C4=CC(=O)CC[C@@]43C)[C@@H]1CC[C@@H]2O,82.0926099070487,C-H,0,"['C[C@]12CC[C@H]3[C@@H](C[CH]C4=CC(=O)CC[C@@]43C)[C@@H]1CC[C@@H]2O', '[H]']",82.03
86,C[C@]12CC[C@H]3[C@@H](CCC4=CC(=O)CC[C@@]43C)[C@@H]1CC[C@@H]2O,37,[H],C[C@]12CC[C@H]3[C@@H](CCC4=[C]C(=O)CC[C@@]43C)[C@@H]1CC[C@@H]2O,110.86389755703199,C-H,0,"['C[C@]12CC[C@H]3[C@@H](CCC4=[C]C(=O)CC[C@@]43C)[C@@H]1CC[C@@H]2O', '[H]']",110.85
87,C[C@]12CC[C@H]3[C@@H](CCC4=CC(=O)CC[C@@]43C)[C@@H]1CC[C@@H]2O,38,[H],C[C@]12CC[C@H]3[C@@H](CCC4=CC(=O)[CH]C[C@@]43C)[C@@H]1CC[C@@H]2O,90.6656378650198,C-H,0,"['C[C@]12CC[C@H]3[C@@H](CCC4=CC(=O)[CH]C[C@@]43C)[C@@H]1CC[C@@H]2O', '[H]']",90.61
88,C[C@]12CC[C@H]3[C@@H](CCC4=CC(=O)CC[C@@]43C)[C@@H]1CC[C@@H]2O,40,[H],C[C@]12CC[C@H]3[C@@H](CCC4=CC(=O)C[CH][C@@]43C)[C@@H]1CC[C@@H]2O,97.5243112350388,C-H,0,"['C[C@]12CC[C@H]3[C@@H](CCC4=CC(=O)C[CH][C@@]43C)[C@@H]1CC[C@@H]2O', '[H]']",97.44
89,C[C@]12CC[C@H]3[C@@H](CCC4=CC(=O)CC[C@@]43C)[C@@H]1CC[C@@H]2O,46,[H],C[C@]12CC[C@H]3[C@@H](CCC4=CC(=O)CC[C@@]43C)[C@@H]1[CH]C[C@@H]2O,96.51966932607841,C-H,0,"['C[C@]12CC[C@H]3[C@@H](CCC4=CC(=O)CC[C@@]43C)[C@@H]1[CH]C[C@@H]2O', '[H]']",96.47
92,COc1cc2nc(N3CCN(C(=O)C4CCCO4)CC3)nc(N)c2cc1OC,34,[H],COc1[c]c2nc(N3CCN(C(=O)C4CCCO4)CC3)nc(N)c2cc1OC,113.115399848983,C-H,0,"['COc1[c]c2nc(N3CCN(C(=O)C4CCCO4)CC3)nc(N)c2cc1OC', '[H]']",113.15
94,COc1cc2nc(N3CCN(C(=O)C4CCCO4)CC3)nc(N)c2cc1OC,37,[H],COc1cc2nc(N3C[CH]N(C(=O)C4CCCO4)CC3)nc(N)c2cc1OC,93.329413569929,C-H,0,"['COc1cc2nc(N3C[CH]N(C(=O)C4CCCO4)CC3)nc(N)c2cc1OC', '[H]']",93.32
96,COc1cc2nc(N3CCN(C(=O)C4CCCO4)CC3)nc(N)c2cc1OC,42,[H],COc1cc2nc(N3CCN(C(=O)C4C[CH]CO4)CC3)nc(N)c2cc1OC,97.241932184967,C-H,0,"['COc1cc2nc(N3CCN(C(=O)C4C[CH]CO4)CC3)nc(N)c2cc1OC', '[H]']",97.28
97,COc1cc2nc(N3CCN(C(=O)C4CCCO4)CC3)nc(N)c2cc1OC,44,[H],COc1cc2nc(N3CCN(C(=O)C4CC[CH]O4)CC3)nc(N)c2cc1OC,93.2829779040462,C-H,0,"['COc1cc2nc(N3CCN(C(=O)C4CC[CH]O4)CC3)nc(N)c2cc1OC', '[H]']",93.23
98,COc1cc2nc(N3CCN(C(=O)C4CCCO4)CC3)nc(N)c2cc1OC,52,[H],COc1[c]c2c(N)nc(N3CCN(C(=O)C4CCCO4)CC3)nc2cc1OC,109.219196468047,C-H,0,"['COc1[c]c2c(N)nc(N3CCN(C(=O)C4CCCO4)CC3)nc2cc1OC', '[H]']",109.22
99,COc1cc2nc(N3CCN(C(=O)C4CCCO4)CC3)nc(N)c2cc1OC,53,[H],[CH2]Oc1cc2c(N)nc(N3CCN(C(=O)C4CCCO4)CC3)nc2cc1OC,96.333926662048,C-H,0,"['[CH2]Oc1cc2c(N)nc(N3CCN(C(=O)C4CCCO4)CC3)nc2cc1OC', '[H]']",96.32
107,CCCC1O[C@@H]2C[C@H]3[C@@H]4CCC5=CC(=O)C=C[C@]5(C)[C@H]4[C@@H](O)C[C@]3(C)[C@]2(C(=O)CO)O1,53,[H],CCCC1O[C@@H]2C[C@H]3[C@@H]4CCC5=CC(=O)[C]=C[C@]5(C)[C@H]4[C@@H](O)C[C@]3(C)[C@]2(C(=O)CO)O1,111.657068932955,C-H,0,"['CCCC1O[C@@H]2C[C@H]3[C@@H]4CCC5=CC(=O)[C]=C[C@]5(C)[C@H]4[C@@H](O)C[C@]3(C)[C@]2(C(=O)CO)O1', '[H]']",111.71
109,CCCC1O[C@@H]2C[C@H]3[C@@H]4CCC5=CC(=O)C=C[C@]5(C)[C@H]4[C@@H](O)C[C@]3(C)[C@]2(C(=O)CO)O1,55,[H],[CH2][C@]12C=CC(=O)C=C1CC[C@H]1[C@@H]3C[C@H]4OC(CCC)O[C@@]4(C(=O)CO)[C@@]3(C)C[C@H](O)[C@@H]12,98.74293371302971,C-H,0,"['[CH2][C@]12C=CC(=O)C=C1CC[C@H]1[C@@H]3C[C@H]4OC(CCC)O[C@@]4(C(=O)CO)[C@@]3(C)C[C@H](O)[C@@H]12', '[H]']",98.79
112,CC(C)(N)Cc1ccccc1,19,[H],CC(C)(N)[CH]c1ccccc1,91.89241796002571,C-H,0,"['CC(C)(N)[CH]c1ccccc1', '[H]']",91.91
114,CC(C)(N)Cc1ccccc1,22,[H],CC(C)(N)Cc1c[c]ccc1,110.835032143033,C-H,0,"['CC(C)(N)Cc1c[c]ccc1', '[H]']",110.85
115,CC(C)(N)Cc1ccccc1,23,[H],CC(C)(N)Cc1cc[c]cc1,111.225970250009,C-H,0,"['CC(C)(N)Cc1cc[c]cc1', '[H]']",111.24
116,CC(CCc1ccccc1)NCC(O)c1ccc(O)c(C(N)=O)c1,25,[H],[CH2]C(CCc1ccccc1)NCC(O)c1ccc(O)c(C(N)=O)c1,100.646168510004,C-H,0,"['[CH2]C(CCc1ccccc1)NCC(O)c1ccc(O)c(C(N)=O)c1', '[H]']",100.73
120,CC(CCc1ccccc1)NCC(O)c1ccc(O)c(C(N)=O)c1,34,[H],CC(CCc1c[c]ccc1)NCC(O)c1ccc(O)c(C(N)=O)c1,110.85322990405899,C-H,0,"['CC(CCc1c[c]ccc1)NCC(O)c1ccc(O)c(C(N)=O)c1', '[H]']",110.9
121,CC(CCc1ccccc1)NCC(O)c1ccc(O)c(C(N)=O)c1,35,[H],CC(CCc1cc[c]cc1)NCC(O)c1ccc(O)c(C(N)=O)c1,111.293741221945,C-H,0,"['CC(CCc1cc[c]cc1)NCC(O)c1ccc(O)c(C(N)=O)c1', '[H]']",111.35
123,CC(CCc1ccccc1)NCC(O)c1ccc(O)c(C(N)=O)c1,43,[H],CC(CCc1ccccc1)NCC(O)c1[c]cc(O)c(C(N)=O)c1,110.063196072985,C-H,0,"['CC(CCc1ccccc1)NCC(O)c1[c]cc(O)c(C(N)=O)c1', '[H]']",110.1
124,CC(CCc1ccccc1)NCC(O)c1ccc(O)c(C(N)=O)c1,44,[H],CC(CCc1ccccc1)NCC(O)c1c[c]c(O)c(C(N)=O)c1,113.683923002975,C-H,0,"['CC(CCc1ccccc1)NCC(O)c1c[c]c(O)c(C(N)=O)c1', '[H]']",113.65
125,CC(CCc1ccccc1)NCC(O)c1ccc(O)c(C(N)=O)c1,48,[H],CC(CCc1ccccc1)NCC(O)c1[c]c(C(N)=O)c(O)cc1,109.30453769197399,C-H,0,"['CC(CCc1ccccc1)NCC(O)c1[c]c(C(N)=O)c(O)cc1', '[H]']",109.29
126,CCC1(c2ccccc2)C(=O)NCNC1=O,17,[H],[CH2]CC1(c2ccccc2)C(=O)NCNC1=O,99.3735802580069,C-H,0,"['[CH2]CC1(c2ccccc2)C(=O)NCNC1=O', '[H]']",99.39
127,CCC1(c2ccccc2)C(=O)NCNC1=O,20,[H],C[CH]C1(c2ccccc2)C(=O)NCNC1=O,99.0886911720128,C-H,0,"['C[CH]C1(c2ccccc2)C(=O)NCNC1=O', '[H]']",99.08
128,CCC1(c2ccccc2)C(=O)NCNC1=O,22,[H],CCC1(c2[c]cccc2)C(=O)NCNC1=O,110.885232862978,C-H,0,"['CCC1(c2[c]cccc2)C(=O)NCNC1=O', '[H]']",110.92
129,CCC1(c2ccccc2)C(=O)NCNC1=O,23,[H],CCC1(c2c[c]ccc2)C(=O)NCNC1=O,111.038345058948,C-H,0,"['CCC1(c2c[c]ccc2)C(=O)NCNC1=O', '[H]']",111.03
130,CCC1(c2ccccc2)C(=O)NCNC1=O,24,[H],CCC1(c2cc[c]cc2)C(=O)NCNC1=O,111.377827428018,C-H,0,"['CCC1(c2cc[c]cc2)C(=O)NCNC1=O', '[H]']",111.38
132,COc1cc2c(c(OC)c1OC)-c1ccc(OC)c(=O)cc1[C@@H](NC(C)=O)CC2,34,[H],COc1[c]c2c(c(OC)c1OC)-c1ccc(OC)c(=O)cc1[C@@H](NC(C)=O)CC2,111.07599559899599,C-H,0,"['COc1[c]c2c(c(OC)c1OC)-c1ccc(OC)c(=O)cc1[C@@H](NC(C)=O)CC2', '[H]']",111.11
134,COc1cc2c(c(OC)c1OC)-c1ccc(OC)c(=O)cc1[C@@H](NC(C)=O)CC2,38,[H],[CH2]Oc1c(OC)cc2c(c1OC)-c1ccc(OC)c(=O)cc1[C@@H](NC(C)=O)CC2,96.74557256600741,C-H,0,"['[CH2]Oc1c(OC)cc2c(c1OC)-c1ccc(OC)c(=O)cc1[C@@H](NC(C)=O)CC2', '[H]']",96.67
139,COc1cc2c(c(OC)c1OC)-c1ccc(OC)c(=O)cc1[C@@H](NC(C)=O)CC2,49,[H],[CH2]C(=O)N[C@H]1CCc2cc(OC)c(OC)c(OC)c2-c2ccc(OC)c(=O)cc21,97.3737090750623,C-H,0,"['[CH2]C(=O)N[C@H]1CCc2cc(OC)c(OC)c(OC)c2-c2ccc(OC)c(=O)cc21', '[H]']",97.37
143,CNCC[C@@H](Oc1ccccc1C)c1ccccc1,20,[H],[CH2]NCC[C@@H](Oc1ccccc1C)c1ccccc1,91.5717608610149,C-H,0,"['[CH2]NCC[C@@H](Oc1ccccc1C)c1ccccc1', '[H]']",91.58
146,CNCC[C@@H](Oc1ccccc1C)c1ccccc1,29,[H],CNCC[C@@H](Oc1[c]cccc1C)c1ccccc1,110.25835137199101,C-H,0,"['CNCC[C@@H](Oc1[c]cccc1C)c1ccccc1', '[H]']",110.31
149,CNCC[C@@H](Oc1ccccc1C)c1ccccc1,32,[H],CNCC[C@@H](Oc1ccc[c]c1C)c1ccccc1,110.78294889602199,C-H,0,"['CNCC[C@@H](Oc1ccc[c]c1C)c1ccccc1', '[H]']",110.85
150,CNCC[C@@H](Oc1ccccc1C)c1ccccc1,33,[H],[CH2]c1ccccc1O[C@H](CCNC)c1ccccc1,89.6628784829833,C-H,0,"['[CH2]c1ccccc1O[C@H](CCNC)c1ccccc1', '[H]']",89.66
151,CNCC[C@@H](Oc1ccccc1C)c1ccccc1,36,[H],CNCC[C@@H](Oc1ccccc1C)c1[c]cccc1,110.863270047962,C-H,0,"['CNCC[C@@H](Oc1ccccc1C)c1[c]cccc1', '[H]']",110.92
153,CNCC[C@@H](Oc1ccccc1C)c1ccccc1,38,[H],CNCC[C@@H](Oc1ccccc1C)c1cc[c]cc1,111.330764252995,C-H,0,"['CNCC[C@@H](Oc1ccccc1C)c1cc[c]cc1', '[H]']",111.37
155,Cn1c(=O)c2c(ncn2C)n(C)c1=O,18,[H],Cn1c(=O)c2c(n[c]n2C)n(C)c1=O,116.507085993981,C-H,0,"['Cn1c(=O)c2c(n[c]n2C)n(C)c1=O', '[H]']",116.58
156,Cn1c(=O)c2c(ncn2C)n(C)c1=O,19,[H],[CH2]n1cnc2c1c(=O)n(C)c(=O)n2C,94.07865931603479,C-H,0,"['[CH2]n1cnc2c1c(=O)n(C)c(=O)n2C', '[H]']",94.15
157,Cn1c(=O)c2c(ncn2C)n(C)c1=O,22,[H],[CH2]n1c(=O)n(C)c(=O)c2c1ncn2C,94.3980613970131,C-H,0,"['[CH2]n1c(=O)n(C)c(=O)c2c1ncn2C', '[H]']",94.44
158,Nc1ccc(O)c(C(=O)O)c1,13,[H],Nc1[c]cc(O)c(C(=O)O)c1,111.22032266905899,C-H,0,"['Nc1[c]cc(O)c(C(=O)O)c1', '[H]']",111.26
159,Nc1ccc(O)c(C(=O)O)c1,14,[H],Nc1c[c]c(O)c(C(=O)O)c1,113.61803455807,C-H,0,"['Nc1c[c]c(O)c(C(=O)O)c1', '[H]']",113.61
161,CC(=O)CC(c1ccccc1)c1c(O)c2ccccc2oc1=O,25,[H],[CH2]C(=O)CC(c1ccccc1)c1c(O)c2ccccc2oc1=O,94.9377191369347,C-H,0,"['[CH2]C(=O)CC(c1ccccc1)c1c(O)c2ccccc2oc1=O', '[H]']",94.91
165,CC(=O)CC(c1ccccc1)c1c(O)c2ccccc2oc1=O,33,[H],CC(=O)CC(c1cc[c]cc1)c1c(O)c2ccccc2oc1=O,111.258600718034,C-H,0,"['CC(=O)CC(c1cc[c]cc1)c1c(O)c2ccccc2oc1=O', '[H]']",111.31
166,CC(=O)CC(c1ccccc1)c1c(O)c2ccccc2oc1=O,37,[H],CC(=O)CC(c1ccccc1)c1c(O)c2[c]cccc2oc1=O,112.841805924961,C-H,0,"['CC(=O)CC(c1ccccc1)c1c(O)c2[c]cccc2oc1=O', '[H]']",112.84
169,CC(=O)CC(c1ccccc1)c1c(O)c2ccccc2oc1=O,40,[H],CC(=O)CC(c1ccccc1)c1c(O)c2ccc[c]c2oc1=O,114.079881182045,C-H,0,"['CC(=O)CC(c1ccccc1)c1c(O)c2ccc[c]c2oc1=O', '[H]']",114.06
170,CC(C)(C)NCC(O)c1ccc(O)c(CO)c1,17,[H],[CH2]C(C)(C)NCC(O)c1ccc(O)c(CO)c1,101.246694623057,C-H,0,"['[CH2]C(C)(C)NCC(O)c1ccc(O)c(CO)c1', '[H]']",101.27
172,CC(C)(C)NCC(O)c1ccc(O)c(CO)c1,31,[H],CC(C)(C)NCC(O)c1[c]cc(O)c(CO)c1,110.450369126006,C-H,0,"['CC(C)(C)NCC(O)c1[c]cc(O)c(CO)c1', '[H]']",110.46
173,CC(C)(C)NCC(O)c1ccc(O)c(CO)c1,32,[H],CC(C)(C)NCC(O)c1c[c]c(O)c(CO)c1,113.18630836601801,C-H,0,"['CC(C)(C)NCC(O)c1c[c]c(O)c(CO)c1', '[H]']",113.18
174,CC(C)(C)NCC(O)c1ccc(O)c(CO)c1,34,[H],CC(C)(C)NCC(O)c1ccc(O)c([CH]O)c1,83.8270447830214,C-H,0,"['CC(C)(C)NCC(O)c1ccc(O)c([CH]O)c1', '[H]']",83.83
177,CCOC(=O)C1=C(COCCN)NC(C)=C(C(=O)OC)C1c1ccccc1,31,[H],C[CH]OC(=O)C1=C(COCCN)NC(C)=C(C(=O)OC)C1c1ccccc1,98.4956951669405,C-H,0,"['C[CH]OC(=O)C1=C(COCCN)NC(C)=C(C(=O)OC)C1c1ccccc1', '[H]']",98.44
178,CCOC(=O)C1=C(COCCN)NC(C)=C(C(=O)OC)C1c1ccccc1,33,[H],CCOC(=O)C1=C([CH]OCCN)NC(C)=C(C(=O)OC)C1c1ccccc1,81.36532697603009,C-H,0,"['CCOC(=O)C1=C([CH]OCCN)NC(C)=C(C(=O)OC)C1c1ccccc1', '[H]']",81.46
180,CCOC(=O)C1=C(COCCN)NC(C)=C(C(=O)OC)C1c1ccccc1,37,[H],CCOC(=O)C1=C(COC[CH]N)NC(C)=C(C(=O)OC)C1c1ccccc1,90.3311755679368,C-H,0,"['CCOC(=O)C1=C(COC[CH]N)NC(C)=C(C(=O)OC)C1c1ccccc1', '[H]']",90.24
182,CCOC(=O)C1=C(COCCN)NC(C)=C(C(=O)OC)C1c1ccccc1,45,[H],[CH2]OC(=O)C1=C(C)NC(COCCN)=C(C(=O)OCC)C1c1ccccc1,97.8255155549204,C-H,0,"['[CH2]OC(=O)C1=C(C)NC(COCCN)=C(C(=O)OCC)C1c1ccccc1', '[H]']",97.88
184,CCOC(=O)C1=C(COCCN)NC(C)=C(C(=O)OC)C1c1ccccc1,50,[H],CCOC(=O)C1=C(COCCN)NC(C)=C(C(=O)OC)C1c1c[c]ccc1,110.580263488963,C-H,0,"['CCOC(=O)C1=C(COCCN)NC(C)=C(C(=O)OC)C1c1c[c]ccc1', '[H]']",110.61
185,CCOC(=O)C1=C(COCCN)NC(C)=C(C(=O)OC)C1c1ccccc1,51,[H],CCOC(=O)C1=C(COCCN)NC(C)=C(C(=O)OC)C1c1cc[c]cc1,111.063445419027,C-H,0,"['CCOC(=O)C1=C(COCCN)NC(C)=C(C(=O)OC)C1c1cc[c]cc1', '[H]']",111.06
186,COc1ccc2cc([C@H](C)C(=O)O)ccc2c1,18,[H],[CH2]Oc1ccc2cc([C@H](C)C(=O)O)ccc2c1,96.1569691239954,C-H,0,"['[CH2]Oc1ccc2cc([C@H](C)C(=O)O)ccc2c1', '[H]']",96.13
187,COc1ccc2cc([C@H](C)C(=O)O)ccc2c1,21,[H],COc1[c]cc2cc([C@H](C)C(=O)O)ccc2c1,110.29788443903401,C-H,0,"['COc1[c]cc2cc([C@H](C)C(=O)O)ccc2c1', '[H]']",110.29
189,COc1ccc2cc([C@H](C)C(=O)O)ccc2c1,23,[H],COc1ccc2[c]c([C@H](C)C(=O)O)ccc2c1,110.79047900400299,C-H,0,"['COc1ccc2[c]c([C@H](C)C(=O)O)ccc2c1', '[H]']",110.78
190,COc1ccc2cc([C@H](C)C(=O)O)ccc2c1,25,[H],[CH2][C@H](C(=O)O)c1ccc2cc(OC)ccc2c1,100.568984902985,C-H,0,"['[CH2][C@H](C(=O)O)c1ccc2cc(OC)ccc2c1', '[H]']",100.56
191,COc1ccc2cc([C@H](C)C(=O)O)ccc2c1,29,[H],COc1ccc2cc([C@H](C)C(=O)O)[c]cc2c1,111.00194953703999,C-H,0,"['COc1ccc2cc([C@H](C)C(=O)O)[c]cc2c1', '[H]']",111.0
194,O=c1[nH]cnc2[nH]ncc12,12,[H],O=c1[nH][c]nc2[nH]ncc12,107.892014933009,C-H,0,"['O=c1[nH][c]nc2[nH]ncc12', '[H]']",107.91
195,O=c1[nH]cnc2[nH]ncc12,14,[H],O=c1[nH]cnc2[nH]n[c]c12,116.257337412041,C-H,0,"['O=c1[nH]cnc2[nH]n[c]c12', '[H]']",116.28
210,COc1ccc(-n2nc(C(N)=O)c3c2C(=O)N(c2ccc(N4CCCCC4=O)cc2)CC3)cc1,38,[H],[CH2]Oc1ccc(-n2nc(C(N)=O)c3c2C(=O)N(c2ccc(N4CCCCC4=O)cc2)CC3)cc1,96.6677614499185,C-H,0,"['[CH2]Oc1ccc(-n2nc(C(N)=O)c3c2C(=O)N(c2ccc(N4CCCCC4=O)cc2)CC3)cc1', '[H]']",96.67
211,COc1ccc(-n2nc(C(N)=O)c3c2C(=O)N(c2ccc(N4CCCCC4=O)cc2)CC3)cc1,41,[H],COc1[c]cc(-n2nc(C(N)=O)c3c2C(=O)N(c2ccc(N4CCCCC4=O)cc2)CC3)cc1,111.15568924200899,C-H,0,"['COc1[c]cc(-n2nc(C(N)=O)c3c2C(=O)N(c2ccc(N4CCCCC4=O)cc2)CC3)cc1', '[H]']",111.21
212,COc1ccc(-n2nc(C(N)=O)c3c2C(=O)N(c2ccc(N4CCCCC4=O)cc2)CC3)cc1,42,[H],COc1c[c]c(-n2nc(C(N)=O)c3c2C(=O)N(c2ccc(N4CCCCC4=O)cc2)CC3)cc1,111.32448916293899,C-H,0,"['COc1c[c]c(-n2nc(C(N)=O)c3c2C(=O)N(c2ccc(N4CCCCC4=O)cc2)CC3)cc1', '[H]']",111.39
213,COc1ccc(-n2nc(C(N)=O)c3c2C(=O)N(c2ccc(N4CCCCC4=O)cc2)CC3)cc1,45,[H],COc1ccc(-n2nc(C(N)=O)c3c2C(=O)N(c2[c]cc(N4CCCCC4=O)cc2)CC3)cc1,110.282824223001,C-H,0,"['COc1ccc(-n2nc(C(N)=O)c3c2C(=O)N(c2[c]cc(N4CCCCC4=O)cc2)CC3)cc1', '[H]']",110.3
217,COc1ccc(-n2nc(C(N)=O)c3c2C(=O)N(c2ccc(N4CCCCC4=O)cc2)CC3)cc1,51,[H],COc1ccc(-n2nc(C(N)=O)c3c2C(=O)N(c2ccc(N4CC[CH]CC4=O)cc2)CC3)cc1,96.45754593494992,C-H,0,"['COc1ccc(-n2nc(C(N)=O)c3c2C(=O)N(c2ccc(N4CC[CH]CC4=O)cc2)CC3)cc1', '[H]']",96.5
218,COc1ccc(-n2nc(C(N)=O)c3c2C(=O)N(c2ccc(N4CCCCC4=O)cc2)CC3)cc1,53,[H],COc1ccc(-n2nc(C(N)=O)c3c2C(=O)N(c2ccc(N4CCC[CH]C4=O)cc2)CC3)cc1,91.1017566199888,C-H,0,"['COc1ccc(-n2nc(C(N)=O)c3c2C(=O)N(c2ccc(N4CCC[CH]C4=O)cc2)CC3)cc1', '[H]']",91.17
238,NCC1(CC(=O)O)CCCCC1,23,[H],NCC1(CC(=O)O)CC[CH]CC1,97.1967515370097,C-H,0,"['NCC1(CC(=O)O)CC[CH]CC1', '[H]']",97.26
239,Nc1nc2c(ncn2COCCO)c(=O)[nH]1,19,[H],Nc1nc2c(n[c]n2COCCO)c(=O)[nH]1,115.29034604305599,C-H,0,"['Nc1nc2c(n[c]n2COCCO)c(=O)[nH]1', '[H]']",115.33
242,Nc1nc2c(ncn2COCCO)c(=O)[nH]1,24,[H],Nc1nc2c(ncn2COC[CH]O)c(=O)[nH]1,94.2211038590319,C-H,0,"['Nc1nc2c(ncn2COC[CH]O)c(=O)[nH]1', '[H]']",94.26
243,CN(C)CCCN1c2ccccc2CCc2ccccc21,23,[H],[CH2]N(C)CCCN1c2ccccc2CCc2ccccc21,91.6878500260785,C-H,0,"['[CH2]N(C)CCCN1c2ccccc2CCc2ccccc21', '[H]']",91.65
244,CN(C)CCCN1c2ccccc2CCc2ccccc21,29,[H],CN(C)[CH]CCN1c2ccccc2CCc2ccccc21,91.3853906880574,C-H,0,"['CN(C)[CH]CCN1c2ccccc2CCc2ccccc21', '[H]']",91.35
245,CN(C)CCCN1c2ccccc2CCc2ccccc21,31,[H],CN(C)C[CH]CN1c2ccccc2CCc2ccccc21,96.0264472520395,C-H,0,"['CN(C)C[CH]CN1c2ccccc2CCc2ccccc21', '[H]']",96.05
252,NC(=O)N1c2ccccc2CC(=O)c2ccccc21,23,[H],NC(=O)N1c2[c]cccc2CC(=O)c2ccccc21,112.539346587011,C-H,0,"['NC(=O)N1c2[c]cccc2CC(=O)c2ccccc21', '[H]']",112.54
253,NC(=O)N1c2ccccc2CC(=O)c2ccccc21,24,[H],NC(=O)N1c2c[c]ccc2CC(=O)c2ccccc21,111.600593123027,C-H,0,"['NC(=O)N1c2c[c]ccc2CC(=O)c2ccccc21', '[H]']",111.61
254,NC(=O)N1c2ccccc2CC(=O)c2ccccc21,25,[H],NC(=O)N1c2cc[c]cc2CC(=O)c2ccccc21,111.561060056055,C-H,0,"['NC(=O)N1c2cc[c]cc2CC(=O)c2ccccc21', '[H]']",111.57
255,NC(=O)N1c2ccccc2CC(=O)c2ccccc21,26,[H],NC(=O)N1c2ccc[c]c2CC(=O)c2ccccc21,111.79825845802701,C-H,0,"['NC(=O)N1c2ccc[c]c2CC(=O)c2ccccc21', '[H]']",111.79
256,NC(=O)N1c2ccccc2CC(=O)c2ccccc21,27,[H],NC(=O)N1c2ccccc2[CH]C(=O)c2ccccc21,86.38790901204771,C-H,0,"['NC(=O)N1c2ccccc2[CH]C(=O)c2ccccc21', '[H]']",86.4
257,NC(=O)N1c2ccccc2CC(=O)c2ccccc21,29,[H],NC(=O)N1c2ccc[c]c2C(=O)Cc2ccccc21,112.504206083028,C-H,0,"['NC(=O)N1c2ccc[c]c2C(=O)Cc2ccccc21', '[H]']",112.47
258,NC(=O)N1c2ccccc2CC(=O)c2ccccc21,30,[H],NC(=O)N1c2ccccc2CC(=O)c2c[c]ccc21,111.707897162041,C-H,0,"['NC(=O)N1c2ccccc2CC(=O)c2c[c]ccc21', '[H]']",111.68
259,NC(=O)N1c2ccccc2CC(=O)c2ccccc21,31,[H],NC(=O)N1c2ccccc2CC(=O)c2cc[c]cc21,111.045875167,C-H,0,"['NC(=O)N1c2ccccc2CC(=O)c2cc[c]cc21', '[H]']",111.05
262,COc1ccc2c(c1)[C@]13CCCC[C@@H]1[C@H](C2)N(C)CC3,26,[H],COc1[c]cc2c(c1)[C@]13CCCC[C@@H]1[C@H](C2)N(C)CC3,110.812441819019,C-H,0,"['COc1[c]cc2c(c1)[C@]13CCCC[C@@H]1[C@H](C2)N(C)CC3', '[H]']",110.84
263,COc1ccc2c(c1)[C@]13CCCC[C@@H]1[C@H](C2)N(C)CC3,27,[H],COc1c[c]c2c(c1)[C@]13CCCC[C@@H]1[C@H](C2)N(C)CC3,110.336162488009,C-H,0,"['COc1c[c]c2c(c1)[C@]13CCCC[C@@H]1[C@H](C2)N(C)CC3', '[H]']",110.31
265,COc1ccc2c(c1)[C@]13CCCC[C@@H]1[C@H](C2)N(C)CC3,29,[H],COc1ccc2c(c1)[C@]13[CH]CCC[C@@H]1[C@H](C2)N(C)CC3,96.92943270304261,C-H,0,"['COc1ccc2c(c1)[C@]13[CH]CCC[C@@H]1[C@H](C2)N(C)CC3', '[H]']",96.9
267,COc1ccc2c(c1)[C@]13CCCC[C@@H]1[C@H](C2)N(C)CC3,33,[H],COc1ccc2c(c1)[C@]13CC[CH]C[C@@H]1[C@H](C2)N(C)CC3,97.5908271890135,C-H,0,"['COc1ccc2c(c1)[C@]13CC[CH]C[C@@H]1[C@H](C2)N(C)CC3', '[H]']",97.57
268,COc1ccc2c(c1)[C@]13CCCC[C@@H]1[C@H](C2)N(C)CC3,35,[H],COc1ccc2c(c1)[C@]13CCC[CH][C@@H]1[C@H](C2)N(C)CC3,96.88550707301079,C-H,0,"['COc1ccc2c(c1)[C@]13CCC[CH][C@@H]1[C@H](C2)N(C)CC3', '[H]']",96.9
269,COc1ccc2c(c1)[C@]13CCCC[C@@H]1[C@H](C2)N(C)CC3,39,[H],COc1ccc2c(c1)[C@]13CCCC[C@@H]1[C@H]([CH]2)N(C)CC3,85.02370444599642,C-H,0,"['COc1ccc2c(c1)[C@]13CCCC[C@@H]1[C@H]([CH]2)N(C)CC3', '[H]']",85.01
270,COc1ccc2c(c1)[C@]13CCCC[C@@H]1[C@H](C2)N(C)CC3,41,[H],[CH2]N1CC[C@@]23CCCC[C@@H]2[C@@H]1Cc1ccc(OC)cc13,89.8166181880232,C-H,0,"['[CH2]N1CC[C@@]23CCCC[C@@H]2[C@@H]1Cc1ccc(OC)cc13', '[H]']",89.78
271,COc1ccc2c(c1)[C@]13CCCC[C@@H]1[C@H](C2)N(C)CC3,44,[H],COc1ccc2c(c1)[C@@]13C[CH]N(C)[C@@H](C2)[C@H]1CCCC3,89.4978436160433,C-H,0,"['COc1ccc2c(c1)[C@@]13C[CH]N(C)[C@@H](C2)[C@H]1CCCC3', '[H]']",89.53
272,COc1ccc2c(c1)[C@]13CCCC[C@@H]1[C@H](C2)N(C)CC3,46,[H],COc1ccc2c(c1)[C@@]13[CH]CN(C)[C@@H](C2)[C@H]1CCCC3,98.6550824530375,C-H,0,"['COc1ccc2c(c1)[C@@]13[CH]CN(C)[C@@H](C2)[C@H]1CCCC3', '[H]']",98.64
273,C[C@]12CC[C@@H]3c4ccc(O)cc4CC[C@H]3[C@@H]1CC[C@@H]2O,23,[H],[CH2][C@]12CC[C@@H]3c4ccc(O)cc4CC[C@H]3[C@@H]1CC[C@@H]2O,98.8558853330298,C-H,0,"['[CH2][C@]12CC[C@@H]3c4ccc(O)cc4CC[C@H]3[C@@H]1CC[C@@H]2O', '[H]']",98.88
274,C[C@]12CC[C@@H]3c4ccc(O)cc4CC[C@H]3[C@@H]1CC[C@@H]2O,26,[H],C[C@]12[CH]C[C@@H]3c4ccc(O)cc4CC[C@H]3[C@@H]1CC[C@@H]2O,97.9372121570664,C-H,0,"['C[C@]12[CH]C[C@@H]3c4ccc(O)cc4CC[C@H]3[C@@H]1CC[C@@H]2O', '[H]']",97.96
275,C[C@]12CC[C@@H]3c4ccc(O)cc4CC[C@H]3[C@@H]1CC[C@@H]2O,28,[H],C[C@]12C[CH][C@@H]3c4ccc(O)cc4CC[C@H]3[C@@H]1CC[C@@H]2O,96.0954732420079,C-H,0,"['C[C@]12C[CH][C@@H]3c4ccc(O)cc4CC[C@H]3[C@@H]1CC[C@@H]2O', '[H]']",96.14
277,C[C@]12CC[C@@H]3c4ccc(O)cc4CC[C@H]3[C@@H]1CC[C@@H]2O,32,[H],C[C@]12CC[C@@H]3c4c[c]c(O)cc4CC[C@H]3[C@@H]1CC[C@@H]2O,111.71668228801902,C-H,0,"['C[C@]12CC[C@@H]3c4c[c]c(O)cc4CC[C@H]3[C@@H]1CC[C@@H]2O', '[H]']",111.71
279,C[C@]12CC[C@@H]3c4ccc(O)cc4CC[C@H]3[C@@H]1CC[C@@H]2O,35,[H],C[C@]12CC[C@@H]3c4ccc(O)cc4[CH]C[C@H]3[C@@H]1CC[C@@H]2O,84.90134019102,C-H,0,"['C[C@]12CC[C@@H]3c4ccc(O)cc4[CH]C[C@H]3[C@@H]1CC[C@@H]2O', '[H]']",84.89
280,C[C@]12CC[C@@H]3c4ccc(O)cc4CC[C@H]3[C@@H]1CC[C@@H]2O,37,[H],C[C@]12CC[C@@H]3c4ccc(O)cc4C[CH][C@H]3[C@@H]1CC[C@@H]2O,96.20340479002078,C-H,0,"['C[C@]12CC[C@@H]3c4ccc(O)cc4C[CH][C@H]3[C@@H]1CC[C@@H]2O', '[H]']",96.23
284,COc1ccccc1OCC(O)CO,17,[H],COc1[c]cccc1OCC(O)CO,110.851347376992,C-H,0,"['COc1[c]cccc1OCC(O)CO', '[H]']",110.81
285,COc1ccccc1OCC(O)CO,18,[H],COc1c[c]ccc1OCC(O)CO,111.472581286993,C-H,0,"['COc1c[c]ccc1OCC(O)CO', '[H]']",111.42
286,COc1ccccc1OCC(O)CO,19,[H],COc1cc[c]cc1OCC(O)CO,111.97458848701,C-H,0,"['COc1cc[c]cc1OCC(O)CO', '[H]']",111.95
288,COc1ccccc1OCC(O)CO,21,[H],COc1ccccc1O[CH]C(O)CO,95.5771508080325,C-H,0,"['COc1ccccc1O[CH]C(O)CO', '[H]']",95.56
290,Cc1cccc(C)c1OCC(C)N,13,[H],[CH2]c1cccc(C)c1OCC(C)N,89.60326512799108,C-H,0,"['[CH2]c1cccc(C)c1OCC(C)N', '[H]']",89.62
291,Cc1cccc(C)c1OCC(C)N,16,[H],Cc1[c]ccc(C)c1OCC(C)N,111.026422387978,C-H,0,"['Cc1[c]ccc(C)c1OCC(C)N', '[H]']",111.08
292,Cc1cccc(C)c1OCC(C)N,17,[H],Cc1c[c]cc(C)c1OCC(C)N,111.258600717963,C-H,0,"['Cc1c[c]cc(C)c1OCC(C)N', '[H]']",111.24
293,Cc1cccc(C)c1OCC(C)N,22,[H],Cc1cccc(C)c1O[CH]C(C)N,94.96972209599659,C-H,0,"['Cc1cccc(C)c1O[CH]C(C)N', '[H]']",94.97
294,Cc1cccc(C)c1OCC(C)N,25,[H],[CH2]C(N)COc1c(C)cccc1C,100.76539521998899,C-H,0,"['[CH2]C(N)COc1c(C)cccc1C', '[H]']",100.78
295,CCN(CC)CC(=O)Nc1c(C)cccc1C,17,[H],[CH2]CN(CC)CC(=O)Nc1c(C)cccc1C,99.3026717410433,C-H,0,"['[CH2]CN(CC)CC(=O)Nc1c(C)cccc1C', '[H]']",99.35
296,CCN(CC)CC(=O)Nc1c(C)cccc1C,20,[H],C[CH]N(CC)CC(=O)Nc1c(C)cccc1C,91.69161508006901,C-H,0,"['C[CH]N(CC)CC(=O)Nc1c(C)cccc1C', '[H]']",91.64
299,CCN(CC)CC(=O)Nc1c(C)cccc1C,33,[H],CCN(CC)CC(=O)Nc1c(C)[c]ccc1C,111.08791827003701,C-H,0,"['CCN(CC)CC(=O)Nc1c(C)[c]ccc1C', '[H]']",111.04
300,CCN(CC)CC(=O)Nc1c(C)cccc1C,34,[H],CCN(CC)CC(=O)Nc1c(C)c[c]cc1C,111.17639703902799,C-H,0,"['CCN(CC)CC(=O)Nc1c(C)c[c]cc1C', '[H]']",111.16
301,CC(N)Cc1ccccc1,10,[H],[CH2]C(N)Cc1ccccc1,100.51752916500799,C-H,0,"['[CH2]C(N)Cc1ccccc1', '[H]']",100.54
302,CC(N)Cc1ccccc1,16,[H],CC(N)[CH]c1ccccc1,88.7812283379977,C-H,0,"['CC(N)[CH]c1ccccc1', '[H]']",88.79
304,CC(N)Cc1ccccc1,19,[H],CC(N)Cc1c[c]ccc1,110.82561950802099,C-H,0,"['CC(N)Cc1c[c]ccc1', '[H]']",110.87
305,CC(N)Cc1ccccc1,20,[H],CC(N)Cc1cc[c]cc1,111.26236577202499,C-H,0,"['CC(N)Cc1cc[c]cc1', '[H]']",111.27
306,CC(=O)[C@]1(C)CC[C@H]2[C@@H]3CCC4=CC(=O)CC[C@]4(C)[C@H]3CC[C@@]21C,27,[H],[CH2]C(=O)[C@]1(C)CC[C@H]2[C@@H]3CCC4=CC(=O)CC[C@]4(C)[C@H]3CC[C@@]21C,94.3861387260432,C-H,0,"['[CH2]C(=O)[C@]1(C)CC[C@H]2[C@@H]3CCC4=CC(=O)CC[C@]4(C)[C@H]3CC[C@@]21C', '[H]']",94.4
307,CC(=O)[C@]1(C)CC[C@H]2[C@@H]3CCC4=CC(=O)CC[C@]4(C)[C@H]3CC[C@@]21C,30,[H],[CH2][C@@]1(C(C)=O)CC[C@H]2[C@@H]3CCC4=CC(=O)CC[C@]4(C)[C@H]3CC[C@@]21C,99.16712979702879,C-H,0,"['[CH2][C@@]1(C(C)=O)CC[C@H]2[C@@H]3CCC4=CC(=O)CC[C@]4(C)[C@H]3CC[C@@]21C', '[H]']",99.11
309,CC(=O)[C@]1(C)CC[C@H]2[C@@H]3CCC4=CC(=O)CC[C@]4(C)[C@H]3CC[C@@]21C,35,[H],CC(=O)[C@]1(C)C[CH][C@H]2[C@@H]3CCC4=CC(=O)CC[C@]4(C)[C@H]3CC[C@@]21C,96.45503589902751,C-H,0,"['CC(=O)[C@]1(C)C[CH][C@H]2[C@@H]3CCC4=CC(=O)CC[C@]4(C)[C@H]3CC[C@@]21C', '[H]']",96.46
311,CC(=O)[C@]1(C)CC[C@H]2[C@@H]3CCC4=CC(=O)CC[C@]4(C)[C@H]3CC[C@@]21C,41,[H],CC(=O)[C@]1(C)CC[C@H]2[C@@H]3C[CH]C4=CC(=O)CC[C@]4(C)[C@H]3CC[C@@]21C,81.8284286180023,C-H,0,"['CC(=O)[C@]1(C)CC[C@H]2[C@@H]3C[CH]C4=CC(=O)CC[C@]4(C)[C@H]3CC[C@@]21C', '[H]']",81.83
312,CC(=O)[C@]1(C)CC[C@H]2[C@@H]3CCC4=CC(=O)CC[C@]4(C)[C@H]3CC[C@@]21C,43,[H],CC(=O)[C@]1(C)CC[C@H]2[C@@H]3CCC4=[C]C(=O)CC[C@]4(C)[C@H]3CC[C@@]21C,110.974339141038,C-H,0,"['CC(=O)[C@]1(C)CC[C@H]2[C@@H]3CCC4=[C]C(=O)CC[C@]4(C)[C@H]3CC[C@@]21C', '[H]']",110.94
313,CC(=O)[C@]1(C)CC[C@H]2[C@@H]3CCC4=CC(=O)CC[C@]4(C)[C@H]3CC[C@@]21C,44,[H],CC(=O)[C@]1(C)CC[C@H]2[C@@H]3CCC4=CC(=O)[CH]C[C@]4(C)[C@H]3CC[C@@]21C,90.69764082401029,C-H,0,"['CC(=O)[C@]1(C)CC[C@H]2[C@@H]3CCC4=CC(=O)[CH]C[C@]4(C)[C@H]3CC[C@@]21C', '[H]']",90.67
315,CC(=O)[C@]1(C)CC[C@H]2[C@@H]3CCC4=CC(=O)CC[C@]4(C)[C@H]3CC[C@@]21C,48,[H],[CH2][C@]12CCC(=O)C=C1CC[C@H]1[C@@H]3CC[C@@](C)(C(C)=O)[C@@]3(C)CC[C@@H]12,98.69398801101059,C-H,0,"['[CH2][C@]12CCC(=O)C=C1CC[C@H]1[C@@H]3CC[C@@](C)(C(C)=O)[C@@]3(C)CC[C@@H]12', '[H]']",98.74
316,CC(=O)[C@]1(C)CC[C@H]2[C@@H]3CCC4=CC(=O)CC[C@]4(C)[C@H]3CC[C@@]21C,52,[H],CC(=O)[C@]1(C)CC[C@H]2[C@@H]3CCC4=CC(=O)CC[C@]4(C)[C@H]3[CH]C[C@@]21C,95.2332758760446,C-H,0,"['CC(=O)[C@]1(C)CC[C@H]2[C@@H]3CCC4=CC(=O)CC[C@]4(C)[C@H]3[CH]C[C@@]21C', '[H]']",95.25
318,CC(=O)[C@]1(C)CC[C@H]2[C@@H]3CCC4=CC(=O)CC[C@]4(C)[C@H]3CC[C@@]21C,56,[H],[CH2][C@]12CC[C@H]3[C@@H](CCC4=CC(=O)CC[C@@]43C)[C@@H]1CC[C@@]2(C)C(C)=O,97.5832970810325,C-H,0,"['[CH2][C@]12CC[C@H]3[C@@H](CCC4=CC(=O)CC[C@@]43C)[C@@H]1CC[C@@]2(C)C(C)=O', '[H]']",97.55
320,CC1=NC2C(C(O)=CC(=O)N2Cc2ccc(-c3ccccc3-c3nnn[nH]3)cc2)C(C)=N1,42,[H],CC1=NC2C(C(O)=[C]C(=O)N2Cc2ccc(-c3ccccc3-c3nnn[nH]3)cc2)C(C)=N1,114.830381946005,C-H,0,"['CC1=NC2C(C(O)=[C]C(=O)N2Cc2ccc(-c3ccccc3-c3nnn[nH]3)cc2)C(C)=N1', '[H]']",114.82
322,CC1=NC2C(C(O)=CC(=O)N2Cc2ccc(-c3ccccc3-c3nnn[nH]3)cc2)C(C)=N1,45,[H],CC1=NC2C(C(O)=CC(=O)N2Cc2[c]cc(-c3ccccc3-c3nnn[nH]3)cc2)C(C)=N1,111.523409516079,C-H,0,"['CC1=NC2C(C(O)=CC(=O)N2Cc2[c]cc(-c3ccccc3-c3nnn[nH]3)cc2)C(C)=N1', '[H]']",111.51
324,CC1=NC2C(C(O)=CC(=O)N2Cc2ccc(-c3ccccc3-c3nnn[nH]3)cc2)C(C)=N1,47,[H],CC1=NC2C(C(O)=CC(=O)N2Cc2ccc(-c3[c]cccc3-c3nnn[nH]3)cc2)C(C)=N1,112.036711878067,C-H,0,"['CC1=NC2C(C(O)=CC(=O)N2Cc2ccc(-c3[c]cccc3-c3nnn[nH]3)cc2)C(C)=N1', '[H]']",112.0
325,CC1=NC2C(C(O)=CC(=O)N2Cc2ccc(-c3ccccc3-c3nnn[nH]3)cc2)C(C)=N1,48,[H],CC1=NC2C(C(O)=CC(=O)N2Cc2ccc(-c3c[c]ccc3-c3nnn[nH]3)cc2)C(C)=N1,111.41987053112601,C-H,0,"['CC1=NC2C(C(O)=CC(=O)N2Cc2ccc(-c3c[c]ccc3-c3nnn[nH]3)cc2)C(C)=N1', '[H]']",111.42
327,CC1=NC2C(C(O)=CC(=O)N2Cc2ccc(-c3ccccc3-c3nnn[nH]3)cc2)C(C)=N1,50,[H],CC1=NC2C(C(O)=CC(=O)N2Cc2ccc(-c3ccc[c]c3-c3nnn[nH]3)cc2)C(C)=N1,112.772779935135,C-H,0,"['CC1=NC2C(C(O)=CC(=O)N2Cc2ccc(-c3ccc[c]c3-c3nnn[nH]3)cc2)C(C)=N1', '[H]']",112.75
329,CN1CCN2c3ncccc3Cc3ccccc3C2C1,23,[H],[CH2]N1CCN2c3ncccc3Cc3ccccc3C2C1,91.988426837033,C-H,0,"['[CH2]N1CCN2c3ncccc3Cc3ccccc3C2C1', '[H]']",91.99
330,CN1CCN2c3ncccc3Cc3ccccc3C2C1,26,[H],CN1[CH]CN2c3ncccc3Cc3ccccc3C2C1,91.89492799605499,C-H,0,"['CN1[CH]CN2c3ncccc3Cc3ccccc3C2C1', '[H]']",91.9
332,CN1CCN2c3ncccc3Cc3ccccc3C2C1,30,[H],CN1CCN2c3n[c]ccc3Cc3ccccc3C2C1,106.028313203041,C-H,0,"['CN1CCN2c3n[c]ccc3Cc3ccccc3C2C1', '[H]']",105.99
333,CN1CCN2c3ncccc3Cc3ccccc3C2C1,31,[H],CN1CCN2c3nc[c]cc3Cc3ccccc3C2C1,112.801017840063,C-H,0,"['CN1CCN2c3nc[c]cc3Cc3ccccc3C2C1', '[H]']",112.79
334,CN1CCN2c3ncccc3Cc3ccccc3C2C1,32,[H],CN1CCN2c3ncc[c]c3Cc3ccccc3C2C1,110.398285878995,C-H,0,"['CN1CCN2c3ncc[c]c3Cc3ccccc3C2C1', '[H]']",110.42
335,CN1CCN2c3ncccc3Cc3ccccc3C2C1,33,[H],CN1CCN2c3ncccc3[CH]c3ccccc3C2C1,87.3090922240048,C-H,0,"['CN1CCN2c3ncccc3[CH]c3ccccc3C2C1', '[H]']",87.29
337,CN1CCN2c3ncccc3Cc3ccccc3C2C1,36,[H],CN1CCN2c3ncccc3Cc3c[c]ccc3C2C1,111.264875808018,C-H,0,"['CN1CCN2c3ncccc3Cc3c[c]ccc3C2C1', '[H]']",111.24
338,CN1CCN2c3ncccc3Cc3ccccc3C2C1,37,[H],CN1CCN2c3ncccc3Cc3cc[c]cc3C2C1,111.34896201402,C-H,0,"['CN1CCN2c3ncccc3Cc3cc[c]cc3C2C1', '[H]']",111.35
339,CN1CCN2c3ncccc3Cc3ccccc3C2C1,38,[H],CN1CCN2c3ncccc3Cc3ccc[c]c3C2C1,110.47358695901899,C-H,0,"['CN1CCN2c3ncccc3Cc3ccc[c]c3C2C1', '[H]']",110.46
340,CN1CCN2c3ncccc3Cc3ccccc3C2C1,40,[H],CN1[CH]C2c3ccccc3Cc3cccnc3N2CC1,91.55419060905929,C-H,0,"['CN1[CH]C2c3ccccc3Cc3cccnc3N2CC1', '[H]']",91.57
342,C=CCC1(CC(C)C)C(=O)NC(=O)NC1=O,18,[H],C=[C]CC1(CC(C)C)C(=O)NC(=O)NC1=O,106.192720561054,C-H,0,"['C=[C]CC1(CC(C)C)C(=O)NC(=O)NC1=O', '[H]']",106.18
344,C=CCC1(CC(C)C)C(=O)NC(=O)NC1=O,21,[H],C=CCC1([CH]C(C)C)C(=O)NC(=O)NC1=O,99.1414019280224,C-H,0,"['C=CCC1([CH]C(C)C)C(=O)NC(=O)NC1=O', '[H]']",99.16
345,C=CCC1(CC(C)C)C(=O)NC(=O)NC1=O,23,[H],C=CCC1(C[C](C)C)C(=O)NC(=O)NC1=O,92.8079535910327,C-H,0,"['C=CCC1(C[C](C)C)C(=O)NC(=O)NC1=O', '[H]']",92.76
346,O=C(c1ccccc1)c1ccc2n1CCC2C(=O)O,21,[H],O=C(c1[c]cccc1)c1ccc2n1CCC2C(=O)O,109.56495392703,C-H,0,"['O=C(c1[c]cccc1)c1ccc2n1CCC2C(=O)O', '[H]']",109.64
347,O=C(c1ccccc1)c1ccc2n1CCC2C(=O)O,22,[H],O=C(c1c[c]ccc1)c1ccc2n1CCC2C(=O)O,111.23789292101499,C-H,0,"['O=C(c1c[c]ccc1)c1ccc2n1CCC2C(=O)O', '[H]']",111.19
348,O=C(c1ccccc1)c1ccc2n1CCC2C(=O)O,23,[H],O=C(c1cc[c]cc1)c1ccc2n1CCC2C(=O)O,111.13372642699301,C-H,0,"['O=C(c1cc[c]cc1)c1ccc2n1CCC2C(=O)O', '[H]']",111.1
350,O=C(c1ccccc1)c1ccc2n1CCC2C(=O)O,27,[H],O=C(c1ccccc1)c1c[c]c2n1CCC2C(=O)O,118.416595881011,C-H,0,"['O=C(c1ccccc1)c1c[c]c2n1CCC2C(=O)O', '[H]']",118.39
351,O=C(c1ccccc1)c1ccc2n1CCC2C(=O)O,28,[H],O=C(c1ccccc1)c1ccc2n1[CH]CC2C(=O)O,92.2011523879953,C-H,0,"['O=C(c1ccccc1)c1ccc2n1[CH]CC2C(=O)O', '[H]']",92.21
352,O=C(c1ccccc1)c1ccc2n1CCC2C(=O)O,30,[H],O=C(c1ccccc1)c1ccc2n1C[CH]C2C(=O)O,97.67805094000731,C-H,0,"['O=C(c1ccccc1)c1ccc2n1C[CH]C2C(=O)O', '[H]']",97.69
354,COc1ccc2c(c1)CC[C@@H]1[C@@H]2CC[C@]2(C)[C@@H](O)CC[C@@H]12,27,[H],COc1[c]cc2c(c1)CC[C@@H]1[C@@H]2CC[C@]2(C)[C@@H](O)CC[C@@H]12,110.656192078057,C-H,0,"['COc1[c]cc2c(c1)CC[C@@H]1[C@@H]2CC[C@]2(C)[C@@H](O)CC[C@@H]12', '[H]']",110.67
357,COc1ccc2c(c1)CC[C@@H]1[C@@H]2CC[C@]2(C)[C@@H](O)CC[C@@H]12,30,[H],COc1ccc2c(c1)[CH]C[C@@H]1[C@@H]2CC[C@]2(C)[C@@H](O)CC[C@@H]12,85.0161743380154,C-H,0,"['COc1ccc2c(c1)[CH]C[C@@H]1[C@@H]2CC[C@]2(C)[C@@H](O)CC[C@@H]12', '[H]']",84.98
358,COc1ccc2c(c1)CC[C@@H]1[C@@H]2CC[C@]2(C)[C@@H](O)CC[C@@H]12,32,[H],COc1ccc2c(c1)C[CH][C@@H]1[C@@H]2CC[C@]2(C)[C@@H](O)CC[C@@H]12,96.1356338180492,C-H,0,"['COc1ccc2c(c1)C[CH][C@@H]1[C@@H]2CC[C@]2(C)[C@@H](O)CC[C@@H]12', '[H]']",96.11
360,COc1ccc2c(c1)CC[C@@H]1[C@@H]2CC[C@]2(C)[C@@H](O)CC[C@@H]12,38,[H],COc1ccc2c(c1)CC[C@@H]1[C@@H]2C[CH][C@]2(C)[C@@H](O)CC[C@@H]12,97.9478798100395,C-H,0,"['COc1ccc2c(c1)CC[C@@H]1[C@@H]2C[CH][C@]2(C)[C@@H](O)CC[C@@H]12', '[H]']",97.94
361,COc1ccc2c(c1)CC[C@@H]1[C@@H]2CC[C@]2(C)[C@@H](O)CC[C@@H]12,40,[H],[CH2][C@]12CC[C@@H]3c4ccc(OC)cc4CC[C@H]3[C@@H]1CC[C@@H]2O,98.8979284360664,C-H,0,"['[CH2][C@]12CC[C@@H]3c4ccc(OC)cc4CC[C@H]3[C@@H]1CC[C@@H]2O', '[H]']",98.85
368,CC(C)(C)NCC(O)COc1cccc2c1C[C@H](O)[C@H](O)C2,40,[H],CC(C)(C)NCC(O)COc1c[c]cc2c1C[C@H](O)[C@H](O)C2,110.958023907008,C-H,0,"['CC(C)(C)NCC(O)COc1c[c]cc2c1C[C@H](O)[C@H](O)C2', '[H]']",110.92
369,CC(C)(C)NCC(O)COc1cccc2c1C[C@H](O)[C@H](O)C2,41,[H],CC(C)(C)NCC(O)COc1cc[c]c2c1C[C@H](O)[C@H](O)C2,111.691581928011,C-H,0,"['CC(C)(C)NCC(O)COc1cc[c]c2c1C[C@H](O)[C@H](O)C2', '[H]']",111.64
372,C[C@]12CC[C@H]3[C@@H](CCC4=CC(=O)CC[C@@]43C)[C@@H]1CCC2=O,24,[H],[CH2][C@]12CC[C@H]3[C@@H](CCC4=CC(=O)CC[C@@]43C)[C@@H]1CCC2=O,97.89705158102508,C-H,0,"['[CH2][C@]12CC[C@H]3[C@@H](CCC4=CC(=O)CC[C@@]43C)[C@@H]1CCC2=O', '[H]']",97.9
373,C[C@]12CC[C@H]3[C@@H](CCC4=CC(=O)CC[C@@]43C)[C@@H]1CCC2=O,27,[H],C[C@]12[CH]C[C@H]3[C@@H](CCC4=CC(=O)CC[C@@]43C)[C@@H]1CCC2=O,98.42102159598629,C-H,0,"['C[C@]12[CH]C[C@H]3[C@@H](CCC4=CC(=O)CC[C@@]43C)[C@@H]1CCC2=O', '[H]']",98.41
374,C[C@]12CC[C@H]3[C@@H](CCC4=CC(=O)CC[C@@]43C)[C@@H]1CCC2=O,29,[H],C[C@]12C[CH][C@H]3[C@@H](CCC4=CC(=O)CC[C@@]43C)[C@@H]1CCC2=O,95.1686424489938,C-H,0,"['C[C@]12C[CH][C@H]3[C@@H](CCC4=CC(=O)CC[C@@]43C)[C@@H]1CCC2=O', '[H]']",95.17
376,C[C@]12CC[C@H]3[C@@H](CCC4=CC(=O)CC[C@@]43C)[C@@H]1CCC2=O,35,[H],C[C@]12CC[C@H]3[C@@H](C[CH]C4=CC(=O)CC[C@@]43C)[C@@H]1CCC2=O,82.0392716420407,C-H,0,"['C[C@]12CC[C@H]3[C@@H](C[CH]C4=CC(=O)CC[C@@]43C)[C@@H]1CCC2=O', '[H]']",82.04
377,C[C@]12CC[C@H]3[C@@H](CCC4=CC(=O)CC[C@@]43C)[C@@H]1CCC2=O,37,[H],C[C@]12CC[C@H]3[C@@H](CCC4=[C]C(=O)CC[C@@]43C)[C@@H]1CCC2=O,110.87268268301001,C-H,0,"['C[C@]12CC[C@H]3[C@@H](CCC4=[C]C(=O)CC[C@@]43C)[C@@H]1CCC2=O', '[H]']",110.88
378,C[C@]12CC[C@H]3[C@@H](CCC4=CC(=O)CC[C@@]43C)[C@@H]1CCC2=O,38,[H],C[C@]12CC[C@H]3[C@@H](CCC4=CC(=O)[CH]C[C@@]43C)[C@@H]1CCC2=O,90.6763055179928,C-H,0,"['C[C@]12CC[C@H]3[C@@H](CCC4=CC(=O)[CH]C[C@@]43C)[C@@H]1CCC2=O', '[H]']",90.62
379,C[C@]12CC[C@H]3[C@@H](CCC4=CC(=O)CC[C@@]43C)[C@@H]1CCC2=O,40,[H],C[C@]12CC[C@H]3[C@@H](CCC4=CC(=O)C[CH][C@@]43C)[C@@H]1CCC2=O,97.46407037104821,C-H,0,"['C[C@]12CC[C@H]3[C@@H](CCC4=CC(=O)C[CH][C@@]43C)[C@@H]1CCC2=O', '[H]']",97.46
380,C[C@]12CC[C@H]3[C@@H](CCC4=CC(=O)CC[C@@]43C)[C@@H]1CCC2=O,42,[H],[CH2][C@]12CCC(=O)C=C1CC[C@H]1[C@@H]3CCC(=O)[C@@]3(C)CC[C@@H]12,98.7285010059948,C-H,0,"['[CH2][C@]12CCC(=O)C=C1CC[C@H]1[C@@H]3CCC(=O)[C@@]3(C)CC[C@@H]12', '[H]']",98.7
381,C[C@]12CC[C@H]3[C@@H](CCC4=CC(=O)CC[C@@]43C)[C@@H]1CCC2=O,46,[H],C[C@]12CC[C@H]3[C@@H](CCC4=CC(=O)CC[C@@]43C)[C@@H]1[CH]CC2=O,97.77970739803601,C-H,0,"['C[C@]12CC[C@H]3[C@@H](CCC4=CC(=O)CC[C@@]43C)[C@@H]1[CH]CC2=O', '[H]']",97.79
382,C[C@]12CC[C@H]3[C@@H](CCC4=CC(=O)CC[C@@]43C)[C@@H]1CCC2=O,48,[H],C[C@]12CC[C@H]3[C@@H](CCC4=CC(=O)CC[C@@]43C)[C@@H]1C[CH]C2=O,90.5206832860291,C-H,0,"['C[C@]12CC[C@H]3[C@@H](CCC4=CC(=O)CC[C@@]43C)[C@@H]1C[CH]C2=O', '[H]']",90.53
383,C=C1CC[C@H](O)C/C1=C/C=C1\CCC[C@@]2(C)[C@H]1CC[C@@H]2[C@H](C)CCCC(C)C,30,[H],[CH]=C1CC[C@H](O)C/C1=C/C=C1\CCC[C@@]2(C)[C@H]1CC[C@@H]2[C@H](C)CCCC(C)C,110.152302351045,C-H,0,"['[CH]=C1CC[C@H](O)C/C1=C/C=C1\\CCC[C@@]2(C)[C@H]1CC[C@@H]2[C@H](C)CCCC(C)C', '[H]']",110.18
384,C=C1CC[C@H](O)C/C1=C/C=C1\CCC[C@@]2(C)[C@H]1CC[C@@H]2[C@H](C)CCCC(C)C,32,[H],C=C1[CH]C[C@H](O)C/C1=C/C=C1\CCC[C@@]2(C)[C@H]1CC[C@@H]2[C@H](C)CCCC(C)C,85.3864046480081,C-H,0,"['C=C1[CH]C[C@H](O)C/C1=C/C=C1\\CCC[C@@]2(C)[C@H]1CC[C@@H]2[C@H](C)CCCC(C)C', '[H]']",85.32
385,C=C1CC[C@H](O)C/C1=C/C=C1\CCC[C@@]2(C)[C@H]1CC[C@@H]2[C@H](C)CCCC(C)C,34,[H],C=C1C[CH][C@H](O)C/C1=C/C=C1\CCC[C@@]2(C)[C@H]1CC[C@@H]2[C@H](C)CCCC(C)C,99.1445394730145,C-H,0,"['C=C1C[CH][C@H](O)C/C1=C/C=C1\\CCC[C@@]2(C)[C@H]1CC[C@@H]2[C@H](C)CCCC(C)C', '[H]']",99.08
386,C=C1CC[C@H](O)C/C1=C/C=C1\CCC[C@@]2(C)[C@H]1CC[C@@H]2[C@H](C)CCCC(C)C,38,[H],C=C1CC[C@H](O)[CH]/C1=C/C=C1\CCC[C@@]2(C)[C@H]1CC[C@@H]2[C@H](C)CCCC(C)C,81.87611930202459,C-H,0,"['C=C1CC[C@H](O)[CH]/C1=C/C=C1\\CCC[C@@]2(C)[C@H]1CC[C@@H]2[C@H](C)CCCC(C)C', '[H]']",81.8
388,C=C1CC[C@H](O)C/C1=C/C=C1\CCC[C@@]2(C)[C@H]1CC[C@@H]2[C@H](C)CCCC(C)C,42,[H],C=C1CC[C@H](O)C/C1=C/C=C1\[CH]CC[C@@]2(C)[C@H]1CC[C@@H]2[C@H](C)CCCC(C)C,81.29567347699191,C-H,0,"['C=C1CC[C@H](O)C/C1=C/C=C1\\[CH]CC[C@@]2(C)[C@H]1CC[C@@H]2[C@H](C)CCCC(C)C', '[H]']",81.22
389,C=C1CC[C@H](O)C/C1=C/C=C1\CCC[C@@]2(C)[C@H]1CC[C@@H]2[C@H](C)CCCC(C)C,44,[H],C=C1CC[C@H](O)C/C1=C/C=C1\C[CH]C[C@@]2(C)[C@H]1CC[C@@H]2[C@H](C)CCCC(C)C,96.4198953950449,C-H,0,"['C=C1CC[C@H](O)C/C1=C/C=C1\\C[CH]C[C@@]2(C)[C@H]1CC[C@@H]2[C@H](C)CCCC(C)C', '[H]']",96.44
393,C=C1CC[C@H](O)C/C1=C/C=C1\CCC[C@@]2(C)[C@H]1CC[C@@H]2[C@H](C)CCCC(C)C,54,[H],C=C1CC[C@H](O)C/C1=C/C=C1\CCC[C@@]2(C)[C@H]1C[CH][C@@H]2[C@H](C)CCCC(C)C,95.27029890709379,C-H,0,"['C=C1CC[C@H](O)C/C1=C/C=C1\\CCC[C@@]2(C)[C@H]1C[CH][C@@H]2[C@H](C)CCCC(C)C', '[H]']",95.26
396,C=C1CC[C@H](O)C/C1=C/C=C1\CCC[C@@]2(C)[C@H]1CC[C@@H]2[C@H](C)CCCC(C)C,63,[H],C=C1CC[C@H](O)C/C1=C/C=C1\CCC[C@@]2(C)[C@H]1CC[C@@H]2[C@H](C)C[CH]CC(C)C,95.4742393320783,C-H,0,"['C=C1CC[C@H](O)C/C1=C/C=C1\\CCC[C@@]2(C)[C@H]1CC[C@@H]2[C@H](C)C[CH]CC(C)C', '[H]']",95.52
400,CCCCCOc1ccc2ccc(=O)oc2c1,21,[H],C[CH]CCCOc1ccc2ccc(=O)oc2c1,97.2331470590605,C-H,0,"['C[CH]CCCOc1ccc2ccc(=O)oc2c1', '[H]']",97.24
401,CCCCCOc1ccc2ccc(=O)oc2c1,23,[H],CC[CH]CCOc1ccc2ccc(=O)oc2c1,97.48477816799591,C-H,0,"['CC[CH]CCOc1ccc2ccc(=O)oc2c1', '[H]']",97.41
402,CCCCCOc1ccc2ccc(=O)oc2c1,25,[H],CCC[CH]COc1ccc2ccc(=O)oc2c1,98.52016801802141,C-H,0,"['CCC[CH]COc1ccc2ccc(=O)oc2c1', '[H]']",98.54
403,CCCCCOc1ccc2ccc(=O)oc2c1,27,[H],CCCC[CH]Oc1ccc2ccc(=O)oc2c1,95.36568027499571,C-H,0,"['CCCC[CH]Oc1ccc2ccc(=O)oc2c1', '[H]']",95.35
405,CCCCCOc1ccc2ccc(=O)oc2c1,30,[H],CCCCCOc1c[c]c2ccc(=O)oc2c1,111.857244304021,C-H,0,"['CCCCCOc1c[c]c2ccc(=O)oc2c1', '[H]']",111.87
406,CCCCCOc1ccc2ccc(=O)oc2c1,31,[H],CCCCCOc1ccc2[c]cc(=O)oc2c1,110.407071005044,C-H,0,"['CCCCCOc1ccc2[c]cc(=O)oc2c1', '[H]']",110.35
408,CCCCCOc1ccc2ccc(=O)oc2c1,33,[H],CCCCCOc1[c]c2oc(=O)ccc2cc1,114.04348565999399,C-H,0,"['CCCCCOc1[c]c2oc(=O)ccc2cc1', '[H]']",114.01
411,CC(C)NCC(O)COc1ccc(CC(N)=O)cc1,31,[H],CC(C)NCC(O)[CH]Oc1ccc(CC(N)=O)cc1,96.123711147008,C-H,0,"['CC(C)NCC(O)[CH]Oc1ccc(CC(N)=O)cc1', '[H]']",96.21
413,CC(C)NCC(O)COc1ccc(CC(N)=O)cc1,34,[H],CC(C)NCC(O)COc1c[c]c(CC(N)=O)cc1,111.14000151697701,C-H,0,"['CC(C)NCC(O)COc1c[c]c(CC(N)=O)cc1', '[H]']",111.11
415,CC/C(=C(\c1ccccc1)c1ccc(OCCN(C)C)cc1)c1ccccc1,30,[H],[CH2]C/C(=C(\c1ccccc1)c1ccc(OCCN(C)C)cc1)c1ccccc1,99.48151180609109,C-H,0,"['[CH2]C/C(=C(\\c1ccccc1)c1ccc(OCCN(C)C)cc1)c1ccccc1', '[H]']",99.52
416,CC/C(=C(\c1ccccc1)c1ccc(OCCN(C)C)cc1)c1ccccc1,33,[H],C[CH]/C(=C(\c1ccccc1)c1ccc(OCCN(C)C)cc1)c1ccccc1,80.37072521104429,C-H,0,"['C[CH]/C(=C(\\c1ccccc1)c1ccc(OCCN(C)C)cc1)c1ccccc1', '[H]']",80.38
417,CC/C(=C(\c1ccccc1)c1ccc(OCCN(C)C)cc1)c1ccccc1,35,[H],CC/C(=C(\c1[c]cccc1)c1ccc(OCCN(C)C)cc1)c1ccccc1,109.708653488095,C-H,0,"['CC/C(=C(\\c1[c]cccc1)c1ccc(OCCN(C)C)cc1)c1ccccc1', '[H]']",109.68
418,CC/C(=C(\c1ccccc1)c1ccc(OCCN(C)C)cc1)c1ccccc1,36,[H],CC/C(=C(\c1c[c]ccc1)c1ccc(OCCN(C)C)cc1)c1ccccc1,110.839424706094,C-H,0,"['CC/C(=C(\\c1c[c]ccc1)c1ccc(OCCN(C)C)cc1)c1ccccc1', '[H]']",110.85
419,CC/C(=C(\c1ccccc1)c1ccc(OCCN(C)C)cc1)c1ccccc1,37,[H],CC/C(=C(\c1cc[c]cc1)c1ccc(OCCN(C)C)cc1)c1ccccc1,111.21718512399599,C-H,0,"['CC/C(=C(\\c1cc[c]cc1)c1ccc(OCCN(C)C)cc1)c1ccccc1', '[H]']",111.23
423,CC/C(=C(\c1ccccc1)c1ccc(OCCN(C)C)cc1)c1ccccc1,44,[H],CC/C(=C(\c1ccccc1)c1ccc(OC[CH]N(C)C)cc1)c1ccccc1,91.55732815398001,C-H,0,"['CC/C(=C(\\c1ccccc1)c1ccc(OC[CH]N(C)C)cc1)c1ccccc1', '[H]']",91.51
424,CC/C(=C(\c1ccccc1)c1ccc(OCCN(C)C)cc1)c1ccccc1,46,[H],[CH2]N(C)CCOc1ccc(/C(=C(/CC)c2ccccc2)c2ccccc2)cc1,91.77946633998991,C-H,0,"['[CH2]N(C)CCOc1ccc(/C(=C(/CC)c2ccccc2)c2ccccc2)cc1', '[H]']",91.83
426,CC/C(=C(\c1ccccc1)c1ccc(OCCN(C)C)cc1)c1ccccc1,55,[H],CC/C(=C(\c1ccccc1)c1ccc(OCCN(C)C)cc1)c1c[c]ccc1,110.735258212071,C-H,0,"['CC/C(=C(\\c1ccccc1)c1ccc(OCCN(C)C)cc1)c1c[c]ccc1', '[H]']",110.81
427,CC/C(=C(\c1ccccc1)c1ccc(OCCN(C)C)cc1)c1ccccc1,56,[H],CC/C(=C(\c1ccccc1)c1ccc(OCCN(C)C)cc1)c1cc[c]cc1,111.201497399107,C-H,0,"['CC/C(=C(\\c1ccccc1)c1ccc(OCCN(C)C)cc1)c1cc[c]cc1', '[H]']",111.22
438,COc1ccc2c3c1O[C@H]1C(=O)CC[C@@]4(O)[C@@H](C2)N(C)CC[C@]314,41,[H],[CH2]N1CC[C@]23c4c5ccc(OC)c4O[C@H]2C(=O)CC[C@@]3(O)[C@H]1C5,91.522187649926,C-H,0,"['[CH2]N1CC[C@]23c4c5ccc(OC)c4O[C@H]2C(=O)CC[C@@]3(O)[C@H]1C5', '[H]']",91.45
440,COc1ccc2c3c1O[C@H]1C(=O)CC[C@@]4(O)[C@@H](C2)N(C)CC[C@]314,46,[H],COc1ccc2c3c1O[C@H]1C(=O)CC[C@@]4(O)[C@@H](C2)N(C)C[CH][C@]314,98.9255388319253,C-H,0,"['COc1ccc2c3c1O[C@H]1C(=O)CC[C@@]4(O)[C@@H](C2)N(C)C[CH][C@]314', '[H]']",98.96
443,COc1ccccc1OCC(O)COC(N)=O,21,[H],COc1c[c]ccc1OCC(O)COC(N)=O,111.439323310006,C-H,0,"['COc1c[c]ccc1OCC(O)COC(N)=O', '[H]']",111.42
444,COc1ccccc1OCC(O)COC(N)=O,22,[H],COc1cc[c]cc1OCC(O)COC(N)=O,112.00157137401301,C-H,0,"['COc1cc[c]cc1OCC(O)COC(N)=O', '[H]']",111.98
448,CN1CC(=O)N2[C@H](Cc3c([nH]c4ccccc34)[C@H]2c2ccc3c(c2)OCO3)C1=O,34,[H],[CH2]N1CC(=O)N2[C@H](Cc3c([nH]c4ccccc34)[C@H]2c2ccc3c(c2)OCO3)C1=O,93.16877126604919,C-H,0,"['[CH2]N1CC(=O)N2[C@H](Cc3c([nH]c4ccccc34)[C@H]2c2ccc3c(c2)OCO3)C1=O', '[H]']",93.18
449,CN1CC(=O)N2[C@H](Cc3c([nH]c4ccccc34)[C@H]2c2ccc3c(c2)OCO3)C1=O,37,[H],CN1[CH]C(=O)N2[C@H](Cc3c([nH]c4ccccc34)[C@H]2c2ccc3c(c2)OCO3)C1=O,82.60026468805108,C-H,0,"['CN1[CH]C(=O)N2[C@H](Cc3c([nH]c4ccccc34)[C@H]2c2ccc3c(c2)OCO3)C1=O', '[H]']",82.61
451,CN1CC(=O)N2[C@H](Cc3c([nH]c4ccccc34)[C@H]2c2ccc3c(c2)OCO3)C1=O,43,[H],CN1CC(=O)N2[C@H](Cc3c([nH]c4[c]cccc34)[C@H]2c2ccc3c(c2)OCO3)C1=O,112.101345304975,C-H,0,"['CN1CC(=O)N2[C@H](Cc3c([nH]c4[c]cccc34)[C@H]2c2ccc3c(c2)OCO3)C1=O', '[H]']",112.09
452,CN1CC(=O)N2[C@H](Cc3c([nH]c4ccccc34)[C@H]2c2ccc3c(c2)OCO3)C1=O,44,[H],CN1CC(=O)N2[C@H](Cc3c([nH]c4c[c]ccc34)[C@H]2c2ccc3c(c2)OCO3)C1=O,111.28056353305,C-H,0,"['CN1CC(=O)N2[C@H](Cc3c([nH]c4c[c]ccc34)[C@H]2c2ccc3c(c2)OCO3)C1=O', '[H]']",111.27
453,CN1CC(=O)N2[C@H](Cc3c([nH]c4ccccc34)[C@H]2c2ccc3c(c2)OCO3)C1=O,45,[H],CN1CC(=O)N2[C@H](Cc3c([nH]c4cc[c]cc34)[C@H]2c2ccc3c(c2)OCO3)C1=O,111.46630619700899,C-H,0,"['CN1CC(=O)N2[C@H](Cc3c([nH]c4cc[c]cc34)[C@H]2c2ccc3c(c2)OCO3)C1=O', '[H]']",111.47
455,CN1CC(=O)N2[C@H](Cc3c([nH]c4ccccc34)[C@H]2c2ccc3c(c2)OCO3)C1=O,48,[H],CN1CC(=O)N2[C@H](Cc3c([nH]c4ccccc34)[C@H]2c2[c]cc3c(c2)OCO3)C1=O,112.239397285055,C-H,0,"['CN1CC(=O)N2[C@H](Cc3c([nH]c4ccccc34)[C@H]2c2[c]cc3c(c2)OCO3)C1=O', '[H]']",112.31
456,CN1CC(=O)N2[C@H](Cc3c([nH]c4ccccc34)[C@H]2c2ccc3c(c2)OCO3)C1=O,49,[H],CN1CC(=O)N2[C@H](Cc3c([nH]c4ccccc34)[C@H]2c2c[c]c3c(c2)OCO3)C1=O,113.85272292404801,C-H,0,"['CN1CC(=O)N2[C@H](Cc3c([nH]c4ccccc34)[C@H]2c2c[c]c3c(c2)OCO3)C1=O', '[H]']",113.85
459,C=C[C@H]1CN2CCC1CC2[C@@H](O)c1ccnc2ccc(OC)cc12,27,[H],[CH]=C[C@H]1CN2CCC1CC2[C@@H](O)c1ccnc2ccc(OC)cc12,109.494045410066,C-H,0,"['[CH]=C[C@H]1CN2CCC1CC2[C@@H](O)c1ccnc2ccc(OC)cc12', '[H]']",109.55
463,C=C[C@H]1CN2CCC1CC2[C@@H](O)c1ccnc2ccc(OC)cc12,35,[H],C=C[C@H]1CN2C[CH]C1CC2[C@@H](O)c1ccnc2ccc(OC)cc12,96.3684396570322,C-H,0,"['C=C[C@H]1CN2C[CH]C1CC2[C@@H](O)c1ccnc2ccc(OC)cc12', '[H]']",96.43
467,C=C[C@H]1CN2CCC1CC2[C@@H](O)c1ccnc2ccc(OC)cc12,45,[H],C=C[C@H]1CN2CCC1CC2[C@@H](O)c1ccnc2[c]cc(OC)cc12,112.94471740098601,C-H,0,"['C=C[C@H]1CN2CCC1CC2[C@@H](O)c1ccnc2[c]cc(OC)cc12', '[H]']",112.99
468,C=C[C@H]1CN2CCC1CC2[C@@H](O)c1ccnc2ccc(OC)cc12,46,[H],C=C[C@H]1CN2CCC1CC2[C@@H](O)c1ccnc2c[c]c(OC)cc12,110.19811050800101,C-H,0,"['C=C[C@H]1CN2CCC1CC2[C@@H](O)c1ccnc2c[c]c(OC)cc12', '[H]']",110.23
471,COCCc1ccc(OCC(O)CNC(C)C)cc1,19,[H],[CH2]OCCc1ccc(OCC(O)CNC(C)C)cc1,95.3230096630321,C-H,0,"['[CH2]OCCc1ccc(OCC(O)CNC(C)C)cc1', '[H]']",95.33
473,COCCc1ccc(OCC(O)CNC(C)C)cc1,24,[H],COC[CH]c1ccc(OCC(O)CNC(C)C)cc1,88.5113994680369,C-H,0,"['COC[CH]c1ccc(OCC(O)CNC(C)C)cc1', '[H]']",88.42
474,COCCc1ccc(OCC(O)CNC(C)C)cc1,26,[H],COCCc1[c]cc(OCC(O)CNC(C)C)cc1,110.752828464027,C-H,0,"['COCCc1[c]cc(OCC(O)CNC(C)C)cc1', '[H]']",110.8
479,CCC(=O)N(c1ccccc1)C1CCN(CCc2ccccc2)CC1,27,[H],[CH2]CC(=O)N(c1ccccc1)C1CCN(CCc2ccccc2)CC1,100.323001375035,C-H,0,"['[CH2]CC(=O)N(c1ccccc1)C1CCN(CCc2ccccc2)CC1', '[H]']",100.27
480,CCC(=O)N(c1ccccc1)C1CCN(CCc2ccccc2)CC1,30,[H],C[CH]C(=O)N(c1ccccc1)C1CCN(CCc2ccccc2)CC1,91.84911983902799,C-H,0,"['C[CH]C(=O)N(c1ccccc1)C1CCN(CCc2ccccc2)CC1', '[H]']",91.76
482,CCC(=O)N(c1ccccc1)C1CCN(CCc2ccccc2)CC1,33,[H],CCC(=O)N(c1c[c]ccc1)C1CCN(CCc2ccccc2)CC1,111.16761191305001,C-H,0,"['CCC(=O)N(c1c[c]ccc1)C1CCN(CCc2ccccc2)CC1', '[H]']",111.14
483,CCC(=O)N(c1ccccc1)C1CCN(CCc2ccccc2)CC1,34,[H],CCC(=O)N(c1cc[c]cc1)C1CCN(CCc2ccccc2)CC1,111.48387644896499,C-H,0,"['CCC(=O)N(c1cc[c]cc1)C1CCN(CCc2ccccc2)CC1', '[H]']",111.52
485,CCC(=O)N(c1ccccc1)C1CCN(CCc2ccccc2)CC1,42,[H],CCC(=O)N(c1ccccc1)C1CCN([CH]Cc2ccccc2)CC1,90.74972407095021,C-H,0,"['CCC(=O)N(c1ccccc1)C1CCN([CH]Cc2ccccc2)CC1', '[H]']",90.72
486,CCC(=O)N(c1ccccc1)C1CCN(CCc2ccccc2)CC1,44,[H],CCC(=O)N(c1ccccc1)C1CCN(C[CH]c2ccccc2)CC1,87.2915219720492,C-H,0,"['CCC(=O)N(c1ccccc1)C1CCN(C[CH]c2ccccc2)CC1', '[H]']",87.23
487,CCC(=O)N(c1ccccc1)C1CCN(CCc2ccccc2)CC1,46,[H],CCC(=O)N(c1ccccc1)C1CCN(CCc2[c]cccc2)CC1,110.86076001203999,C-H,0,"['CCC(=O)N(c1ccccc1)C1CCN(CCc2[c]cccc2)CC1', '[H]']",110.83
488,CCC(=O)N(c1ccccc1)C1CCN(CCc2ccccc2)CC1,47,[H],CCC(=O)N(c1ccccc1)C1CCN(CCc2c[c]ccc2)CC1,110.86013250296999,C-H,0,"['CCC(=O)N(c1ccccc1)C1CCN(CCc2c[c]ccc2)CC1', '[H]']",110.89
489,CCC(=O)N(c1ccccc1)C1CCN(CCc2ccccc2)CC1,48,[H],CCC(=O)N(c1ccccc1)C1CCN(CCc2cc[c]cc2)CC1,111.286838623034,C-H,0,"['CCC(=O)N(c1ccccc1)C1CCN(CCc2cc[c]cc2)CC1', '[H]']",111.28
491,CC(=O)[C@@]1(O)CC[C@H]2[C@@H]3C[C@H](C)C4=CC(=O)CC[C@]4(C)[C@H]3CC[C@@]21C,32,[H],CC(=O)[C@@]1(O)[CH]C[C@H]2[C@@H]3C[C@H](C)C4=CC(=O)CC[C@]4(C)[C@H]3CC[C@@]21C,95.79113137706291,C-H,0,"['CC(=O)[C@@]1(O)[CH]C[C@H]2[C@@H]3C[C@H](C)C4=CC(=O)CC[C@]4(C)[C@H]3CC[C@@]21C', '[H]']",95.84
493,CC(=O)[C@@]1(O)CC[C@H]2[C@@H]3C[C@H](C)C4=CC(=O)CC[C@]4(C)[C@H]3CC[C@@]21C,38,[H],CC(=O)[C@@]1(O)CC[C@H]2[C@@H]3[CH][C@H](C)C4=CC(=O)CC[C@]4(C)[C@H]3CC[C@@]21C,98.4153740150006,C-H,0,"['CC(=O)[C@@]1(O)CC[C@H]2[C@@H]3[CH][C@H](C)C4=CC(=O)CC[C@]4(C)[C@H]3CC[C@@]21C', '[H]']",98.37
494,CC(=O)[C@@]1(O)CC[C@H]2[C@@H]3C[C@H](C)C4=CC(=O)CC[C@]4(C)[C@H]3CC[C@@]21C,41,[H],[CH2][C@H]1C[C@H]2[C@@H]3CC[C@](O)(C(C)=O)[C@@]3(C)CC[C@@H]2[C@@]2(C)CCC(=O)C=C12,100.66938634301701,C-H,0,"['[CH2][C@H]1C[C@H]2[C@@H]3CC[C@](O)(C(C)=O)[C@@]3(C)CC[C@@H]2[C@@]2(C)CCC(=O)C=C12', '[H]']",100.7
495,CC(=O)[C@@]1(O)CC[C@H]2[C@@H]3C[C@H](C)C4=CC(=O)CC[C@]4(C)[C@H]3CC[C@@]21C,44,[H],CC(=O)[C@@]1(O)CC[C@H]2[C@@H]3C[C@H](C)C4=[C]C(=O)CC[C@]4(C)[C@H]3CC[C@@]21C,109.37042613702101,C-H,0,"['CC(=O)[C@@]1(O)CC[C@H]2[C@@H]3C[C@H](C)C4=[C]C(=O)CC[C@]4(C)[C@H]3CC[C@@]21C', '[H]']",109.41
496,CC(=O)[C@@]1(O)CC[C@H]2[C@@H]3C[C@H](C)C4=CC(=O)CC[C@]4(C)[C@H]3CC[C@@]21C,45,[H],CC(=O)[C@@]1(O)CC[C@H]2[C@@H]3C[C@H](C)C4=CC(=O)[CH]C[C@]4(C)[C@H]3CC[C@@]21C,90.74156645404209,C-H,0,"['CC(=O)[C@@]1(O)CC[C@H]2[C@@H]3C[C@H](C)C4=CC(=O)[CH]C[C@]4(C)[C@H]3CC[C@@]21C', '[H]']",90.75
497,CC(=O)[C@@]1(O)CC[C@H]2[C@@H]3C[C@H](C)C4=CC(=O)CC[C@]4(C)[C@H]3CC[C@@]21C,47,[H],CC(=O)[C@@]1(O)CC[C@H]2[C@@H]3C[C@H](C)C4=CC(=O)C[CH][C@]4(C)[C@H]3CC[C@@]21C,97.427047339999,C-H,0,"['CC(=O)[C@@]1(O)CC[C@H]2[C@@H]3C[C@H](C)C4=CC(=O)C[CH][C@]4(C)[C@H]3CC[C@@]21C', '[H]']",97.38
498,CC(=O)[C@@]1(O)CC[C@H]2[C@@H]3C[C@H](C)C4=CC(=O)CC[C@]4(C)[C@H]3CC[C@@]21C,49,[H],[CH2][C@]12CCC(=O)C=C1[C@@H](C)C[C@H]1[C@@H]3CC[C@](O)(C(C)=O)[C@@]3(C)CC[C@@H]12,98.5709962470357,C-H,0,"['[CH2][C@]12CCC(=O)C=C1[C@@H](C)C[C@H]1[C@@H]3CC[C@](O)(C(C)=O)[C@@]3(C)CC[C@@H]12', '[H]']",98.64
499,CC(=O)[C@@]1(O)CC[C@H]2[C@@H]3C[C@H](C)C4=CC(=O)CC[C@]4(C)[C@H]3CC[C@@]21C,53,[H],CC(=O)[C@@]1(O)CC[C@H]2[C@@H]3C[C@H](C)C4=CC(=O)CC[C@]4(C)[C@H]3[CH]C[C@@]21C,95.12785436395409,C-H,0,"['CC(=O)[C@@]1(O)CC[C@H]2[C@@H]3C[C@H](C)C4=CC(=O)CC[C@]4(C)[C@H]3[CH]C[C@@]21C', '[H]']",95.19
500,CC(=O)[C@@]1(O)CC[C@H]2[C@@H]3C[C@H](C)C4=CC(=O)CC[C@]4(C)[C@H]3CC[C@@]21C,55,[H],CC(=O)[C@@]1(O)CC[C@H]2[C@@H]3C[C@H](C)C4=CC(=O)CC[C@]4(C)[C@H]3C[CH][C@@]21C,98.14742767203501,C-H,0,"['CC(=O)[C@@]1(O)CC[C@H]2[C@@H]3C[C@H](C)C4=CC(=O)CC[C@]4(C)[C@H]3C[CH][C@@]21C', '[H]']",98.19
501,CC(=O)[C@@]1(O)CC[C@H]2[C@@H]3C[C@H](C)C4=CC(=O)CC[C@]4(C)[C@H]3CC[C@@]21C,57,[H],[CH2][C@]12CC[C@H]3[C@@H](C[C@H](C)C4=CC(=O)CC[C@@]43C)[C@@H]1CC[C@]2(O)C(C)=O,96.84346397004559,C-H,0,"['[CH2][C@]12CC[C@H]3[C@@H](C[C@H](C)C4=CC(=O)CC[C@@]43C)[C@@H]1CC[C@]2(O)C(C)=O', '[H]']",96.89
502,C[C@]12CC(=O)[C@H]3[C@@H](CCC4=CC(=O)C=C[C@@]43C)[C@@H]1CC[C@]2(O)C(=O)CO,29,[H],[CH2][C@]12CC(=O)[C@H]3[C@@H](CCC4=CC(=O)C=C[C@@]43C)[C@@H]1CC[C@]2(O)C(=O)CO,97.7740598169076,C-H,0,"['[CH2][C@]12CC(=O)[C@H]3[C@@H](CCC4=CC(=O)C=C[C@@]43C)[C@@H]1CC[C@]2(O)C(=O)CO', '[H]']",97.8
504,C[C@]12CC(=O)[C@H]3[C@@H](CCC4=CC(=O)C=C[C@@]43C)[C@@H]1CC[C@]2(O)C(=O)CO,36,[H],C[C@]12CC(=O)[C@H]3[C@@H]([CH]CC4=CC(=O)C=C[C@@]43C)[C@@H]1CC[C@]2(O)C(=O)CO,98.3670558219086,C-H,0,"['C[C@]12CC(=O)[C@H]3[C@@H]([CH]CC4=CC(=O)C=C[C@@]43C)[C@@H]1CC[C@]2(O)C(=O)CO', '[H]']",98.44
505,C[C@]12CC(=O)[C@H]3[C@@H](CCC4=CC(=O)C=C[C@@]43C)[C@@H]1CC[C@]2(O)C(=O)CO,38,[H],C[C@]12CC(=O)[C@H]3[C@@H](C[CH]C4=CC(=O)C=C[C@@]43C)[C@@H]1CC[C@]2(O)C(=O)CO,85.5821874559418,C-H,0,"['C[C@]12CC(=O)[C@H]3[C@@H](C[CH]C4=CC(=O)C=C[C@@]43C)[C@@H]1CC[C@]2(O)C(=O)CO', '[H]']",85.62
506,C[C@]12CC(=O)[C@H]3[C@@H](CCC4=CC(=O)C=C[C@@]43C)[C@@H]1CC[C@]2(O)C(=O)CO,40,[H],C[C@]12CC(=O)[C@H]3[C@@H](CCC4=[C]C(=O)C=C[C@@]43C)[C@@H]1CC[C@]2(O)C(=O)CO,111.559805037987,C-H,0,"['C[C@]12CC(=O)[C@H]3[C@@H](CCC4=[C]C(=O)C=C[C@@]43C)[C@@H]1CC[C@]2(O)C(=O)CO', '[H]']",111.59
507,C[C@]12CC(=O)[C@H]3[C@@H](CCC4=CC(=O)C=C[C@@]43C)[C@@H]1CC[C@]2(O)C(=O)CO,41,[H],C[C@]12CC(=O)[C@H]3[C@@H](CCC4=CC(=O)[C]=C[C@@]43C)[C@@H]1CC[C@]2(O)C(=O)CO,111.673384166914,C-H,0,"['C[C@]12CC(=O)[C@H]3[C@@H](CCC4=CC(=O)[C]=C[C@@]43C)[C@@H]1CC[C@]2(O)C(=O)CO', '[H]']",111.72
508,C[C@]12CC(=O)[C@H]3[C@@H](CCC4=CC(=O)C=C[C@@]43C)[C@@H]1CC[C@]2(O)C(=O)CO,42,[H],C[C@]12CC(=O)[C@H]3[C@@H](CCC4=CC(=O)C=[C][C@@]43C)[C@@H]1CC[C@]2(O)C(=O)CO,107.30905907201799,C-H,0,"['C[C@]12CC(=O)[C@H]3[C@@H](CCC4=CC(=O)C=[C][C@@]43C)[C@@H]1CC[C@]2(O)C(=O)CO', '[H]']",107.3
509,C[C@]12CC(=O)[C@H]3[C@@H](CCC4=CC(=O)C=C[C@@]43C)[C@@H]1CC[C@]2(O)C(=O)CO,43,[H],[CH2][C@]12C=CC(=O)C=C1CC[C@H]1[C@@H]3CC[C@](O)(C(=O)CO)[C@@]3(C)CC(=O)[C@@H]12,98.9907997679032,C-H,0,"['[CH2][C@]12C=CC(=O)C=C1CC[C@H]1[C@@H]3CC[C@](O)(C(=O)CO)[C@@]3(C)CC(=O)[C@@H]12', '[H]']",99.01
510,C[C@]12CC(=O)[C@H]3[C@@H](CCC4=CC(=O)C=C[C@@]43C)[C@@H]1CC[C@]2(O)C(=O)CO,47,[H],C[C@]12CC(=O)[C@H]3[C@@H](CCC4=CC(=O)C=C[C@@]43C)[C@@H]1[CH]C[C@]2(O)C(=O)CO,96.7072945170327,C-H,0,"['C[C@]12CC(=O)[C@H]3[C@@H](CCC4=CC(=O)C=C[C@@]43C)[C@@H]1[CH]C[C@]2(O)C(=O)CO', '[H]']",96.7
513,Cc1cccc(Nc2ccccc2C(=O)O)c1C,19,[H],[CH2]c1cccc(Nc2ccccc2C(=O)O)c1C,90.2408142720222,C-H,0,"['[CH2]c1cccc(Nc2ccccc2C(=O)O)c1C', '[H]']",90.26
514,Cc1cccc(Nc2ccccc2C(=O)O)c1C,22,[H],Cc1[c]ccc(Nc2ccccc2C(=O)O)c1C,111.23663790301799,C-H,0,"['Cc1[c]ccc(Nc2ccccc2C(=O)O)c1C', '[H]']",111.23
515,Cc1cccc(Nc2ccccc2C(=O)O)c1C,23,[H],Cc1c[c]cc(Nc2ccccc2C(=O)O)c1C,110.95363134401899,C-H,0,"['Cc1c[c]cc(Nc2ccccc2C(=O)O)c1C', '[H]']",110.98
517,Cc1cccc(Nc2ccccc2C(=O)O)c1C,26,[H],Cc1cccc(Nc2[c]cccc2C(=O)O)c1C,109.943969363,C-H,0,"['Cc1cccc(Nc2[c]cccc2C(=O)O)c1C', '[H]']",109.94
519,Cc1cccc(Nc2ccccc2C(=O)O)c1C,28,[H],Cc1cccc(Nc2cc[c]cc2C(=O)O)c1C,112.681791130008,C-H,0,"['Cc1cccc(Nc2cc[c]cc2C(=O)O)c1C', '[H]']",112.68
520,Cc1cccc(Nc2ccccc2C(=O)O)c1C,29,[H],Cc1cccc(Nc2ccc[c]c2C(=O)O)c1C,110.99943950104601,C-H,0,"['Cc1cccc(Nc2ccc[c]c2C(=O)O)c1C', '[H]']",110.99
521,Cc1cccc(Nc2ccccc2C(=O)O)c1C,31,[H],[CH2]c1c(C)cccc1Nc1ccccc1C(=O)O,88.7347926720436,C-H,0,"['[CH2]c1c(C)cccc1Nc1ccccc1C(=O)O', '[H]']",88.71
523,CC(C)Cc1ccc(C(C)C(=O)O)cc1,22,[H],CC(C)[CH]c1ccc(C(C)C(=O)O)cc1,88.18885984206649,C-H,0,"['CC(C)[CH]c1ccc(C(C)C(=O)O)cc1', '[H]']",88.16
525,CC(C)Cc1ccc(C(C)C(=O)O)cc1,25,[H],CC(C)Cc1c[c]c(C(C)C(=O)O)cc1,111.01136217201599,C-H,0,"['CC(C)Cc1c[c]c(C(C)C(=O)O)cc1', '[H]']",111.0
526,CC(C)Cc1ccc(C(C)C(=O)O)cc1,27,[H],[CH2]C(C(=O)O)c1ccc(CC(C)C)cc1,100.70076179308,C-H,0,"['[CH2]C(C(=O)O)c1ccc(CC(C)C)cc1', '[H]']",100.7
527,C[C@H]1C[C@H]2[C@@H]3CC[C@](O)(C(=O)CO)[C@@]3(C)C[C@H](O)[C@@H]2[C@@]2(C)C=CC(=O)C=C12,30,[H],[CH2][C@H]1C[C@H]2[C@@H]3CC[C@](O)(C(=O)CO)[C@@]3(C)C[C@H](O)[C@@H]2[C@@]2(C)C=CC(=O)C=C12,100.78547550808099,C-H,0,"['[CH2][C@H]1C[C@H]2[C@@H]3CC[C@](O)(C(=O)CO)[C@@]3(C)C[C@H](O)[C@@H]2[C@@]2(C)C=CC(=O)C=C12', '[H]']",100.8
529,C[C@H]1C[C@H]2[C@@H]3CC[C@](O)(C(=O)CO)[C@@]3(C)C[C@H](O)[C@@H]2[C@@]2(C)C=CC(=O)C=C12,38,[H],C[C@H]1C[C@H]2[C@@H]3[CH]C[C@](O)(C(=O)CO)[C@@]3(C)C[C@H](O)[C@@H]2[C@@]2(C)C=CC(=O)C=C12,96.8798594920964,C-H,0,"['C[C@H]1C[C@H]2[C@@H]3[CH]C[C@](O)(C(=O)CO)[C@@]3(C)C[C@H](O)[C@@H]2[C@@]2(C)C=CC(=O)C=C12', '[H]']",96.83
530,C[C@H]1C[C@H]2[C@@H]3CC[C@](O)(C(=O)CO)[C@@]3(C)C[C@H](O)[C@@H]2[C@@]2(C)C=CC(=O)C=C12,40,[H],C[C@H]1C[C@H]2[C@@H]3C[CH][C@](O)(C(=O)CO)[C@@]3(C)C[C@H](O)[C@@H]2[C@@]2(C)C=CC(=O)C=C12,95.99193425712669,C-H,0,"['C[C@H]1C[C@H]2[C@@H]3C[CH][C@](O)(C(=O)CO)[C@@]3(C)C[C@H](O)[C@@H]2[C@@]2(C)C=CC(=O)C=C12', '[H]']",96.03
531,C[C@H]1C[C@H]2[C@@H]3CC[C@](O)(C(=O)CO)[C@@]3(C)C[C@H](O)[C@@H]2[C@@]2(C)C=CC(=O)C=C12,43,[H],C[C@H]1C[C@H]2[C@@H]3CC[C@](O)(C(=O)[CH]O)[C@@]3(C)C[C@H](O)[C@@H]2[C@@]2(C)C=CC(=O)C=C12,77.26392815211221,C-H,0,"['C[C@H]1C[C@H]2[C@@H]3CC[C@](O)(C(=O)[CH]O)[C@@]3(C)C[C@H](O)[C@@H]2[C@@]2(C)C=CC(=O)C=C12', '[H]']",77.3
532,C[C@H]1C[C@H]2[C@@H]3CC[C@](O)(C(=O)CO)[C@@]3(C)C[C@H](O)[C@@H]2[C@@]2(C)C=CC(=O)C=C12,46,[H],[CH2][C@]12C[C@H](O)[C@H]3[C@@H](C[C@H](C)C4=CC(=O)C=C[C@@]43C)[C@@H]1CC[C@]2(O)C(=O)CO,97.76339216400591,C-H,0,"['[CH2][C@]12C[C@H](O)[C@H]3[C@@H](C[C@H](C)C4=CC(=O)C=C[C@@]43C)[C@@H]1CC[C@]2(O)C(=O)CO', '[H]']",97.75
534,C[C@H]1C[C@H]2[C@@H]3CC[C@](O)(C(=O)CO)[C@@]3(C)C[C@H](O)[C@@H]2[C@@]2(C)C=CC(=O)C=C12,54,[H],[CH2][C@]12C=CC(=O)C=C1[C@@H](C)C[C@H]1[C@@H]3CC[C@](O)(C(=O)CO)[C@@]3(C)C[C@H](O)[C@@H]12,98.53773827004841,C-H,0,"['[CH2][C@]12C=CC(=O)C=C1[C@@H](C)C[C@H]1[C@@H]3CC[C@](O)(C(=O)CO)[C@@]3(C)C[C@H](O)[C@@H]12', '[H]']",98.55
536,C[C@H]1C[C@H]2[C@@H]3CC[C@](O)(C(=O)CO)[C@@]3(C)C[C@H](O)[C@@H]2[C@@]2(C)C=CC(=O)C=C12,58,[H],C[C@H]1C[C@H]2[C@@H]3CC[C@](O)(C(=O)CO)[C@@]3(C)C[C@H](O)[C@@H]2[C@@]2(C)C=[C]C(=O)C=C12,111.688444383019,C-H,0,"['C[C@H]1C[C@H]2[C@@H]3CC[C@](O)(C(=O)CO)[C@@]3(C)C[C@H](O)[C@@H]2[C@@]2(C)C=[C]C(=O)C=C12', '[H]']",111.73
537,C[C@H]1C[C@H]2[C@@H]3CC[C@](O)(C(=O)CO)[C@@]3(C)C[C@H](O)[C@@H]2[C@@]2(C)C=CC(=O)C=C12,59,[H],C[C@H]1C[C@H]2[C@@H]3CC[C@](O)(C(=O)CO)[C@@]3(C)C[C@H](O)[C@@H]2[C@@]2(C)C=CC(=O)[C]=C12,110.65368204213499,C-H,0,"['C[C@H]1C[C@H]2[C@@H]3CC[C@](O)(C(=O)CO)[C@@]3(C)C[C@H](O)[C@@H]2[C@@]2(C)C=CC(=O)[C]=C12', '[H]']",110.65
557,Cc1ccc(O)c([C@H](CCN(C(C)C)C(C)C)c2ccccc2)c1,51,[H],Cc1ccc(O)c([C@H](CCN(C(C)C)C(C)C)c2c[c]ccc2)c1,110.777928824035,C-H,0,"['Cc1ccc(O)c([C@H](CCN(C(C)C)C(C)C)c2c[c]ccc2)c1', '[H]']",110.7
558,Cc1ccc(O)c([C@H](CCN(C(C)C)C(C)C)c2ccccc2)c1,52,[H],Cc1ccc(O)c([C@H](CCN(C(C)C)C(C)C)c2cc[c]cc2)c1,111.30001631207199,C-H,0,"['Cc1ccc(O)c([C@H](CCN(C(C)C)C(C)C)c2cc[c]cc2)c1', '[H]']",111.26
560,C[C@]12C[C@H](O)[C@H]3[C@@H](CCC4=CC(=O)C=C[C@@]43C)[C@@H]1CC[C@]2(O)C(=O)CO,29,[H],[CH2][C@]12C[C@H](O)[C@H]3[C@@H](CCC4=CC(=O)C=C[C@@]43C)[C@@H]1CC[C@]2(O)C(=O)CO,97.80543526697109,C-H,0,"['[CH2][C@]12C[C@H](O)[C@H]3[C@@H](CCC4=CC(=O)C=C[C@@]43C)[C@@H]1CC[C@]2(O)C(=O)CO', '[H]']",97.78
561,C[C@]12C[C@H](O)[C@H]3[C@@H](CCC4=CC(=O)C=C[C@@]43C)[C@@H]1CC[C@]2(O)C(=O)CO,32,[H],C[C@]12[CH][C@H](O)[C@H]3[C@@H](CCC4=CC(=O)C=C[C@@]43C)[C@@H]1CC[C@]2(O)C(=O)CO,98.1882157570034,C-H,0,"['C[C@]12[CH][C@H](O)[C@H]3[C@@H](CCC4=CC(=O)C=C[C@@]43C)[C@@H]1CC[C@]2(O)C(=O)CO', '[H]']",98.17
564,C[C@]12C[C@H](O)[C@H]3[C@@H](CCC4=CC(=O)C=C[C@@]43C)[C@@H]1CC[C@]2(O)C(=O)CO,42,[H],C[C@]12C[C@H](O)[C@H]3[C@@H](CCC4=[C]C(=O)C=C[C@@]43C)[C@@H]1CC[C@]2(O)C(=O)CO,111.77817817000602,C-H,0,"['C[C@]12C[C@H](O)[C@H]3[C@@H](CCC4=[C]C(=O)C=C[C@@]43C)[C@@H]1CC[C@]2(O)C(=O)CO', '[H]']",111.79
565,C[C@]12C[C@H](O)[C@H]3[C@@H](CCC4=CC(=O)C=C[C@@]43C)[C@@H]1CC[C@]2(O)C(=O)CO,43,[H],C[C@]12C[C@H](O)[C@H]3[C@@H](CCC4=CC(=O)[C]=C[C@@]43C)[C@@H]1CC[C@]2(O)C(=O)CO,111.709152179895,C-H,0,"['C[C@]12C[C@H](O)[C@H]3[C@@H](CCC4=CC(=O)[C]=C[C@@]43C)[C@@H]1CC[C@]2(O)C(=O)CO', '[H]']",111.68
566,C[C@]12C[C@H](O)[C@H]3[C@@H](CCC4=CC(=O)C=C[C@@]43C)[C@@H]1CC[C@]2(O)C(=O)CO,44,[H],C[C@]12C[C@H](O)[C@H]3[C@@H](CCC4=CC(=O)C=[C][C@@]43C)[C@@H]1CC[C@]2(O)C(=O)CO,106.576128560014,C-H,0,"['C[C@]12C[C@H](O)[C@H]3[C@@H](CCC4=CC(=O)C=[C][C@@]43C)[C@@H]1CC[C@]2(O)C(=O)CO', '[H]']",106.55
567,C[C@]12C[C@H](O)[C@H]3[C@@H](CCC4=CC(=O)C=C[C@@]43C)[C@@H]1CC[C@]2(O)C(=O)CO,45,[H],[CH2][C@]12C=CC(=O)C=C1CC[C@H]1[C@@H]3CC[C@](O)(C(=O)CO)[C@@]3(C)C[C@H](O)[C@@H]12,98.720343388944,C-H,0,"['[CH2][C@]12C=CC(=O)C=C1CC[C@H]1[C@@H]3CC[C@](O)(C(=O)CO)[C@@]3(C)C[C@H](O)[C@@H]12', '[H]']",98.77
568,C[C@]12C[C@H](O)[C@H]3[C@@H](CCC4=CC(=O)C=C[C@@]43C)[C@@H]1CC[C@]2(O)C(=O)CO,49,[H],C[C@]12C[C@H](O)[C@H]3[C@@H](CCC4=CC(=O)C=C[C@@]43C)[C@@H]1[CH]C[C@]2(O)C(=O)CO,96.80895097491872,C-H,0,"['C[C@]12C[C@H](O)[C@H]3[C@@H](CCC4=CC(=O)C=C[C@@]43C)[C@@H]1[CH]C[C@]2(O)C(=O)CO', '[H]']",96.81
569,C[C@]12C[C@H](O)[C@H]3[C@@H](CCC4=CC(=O)C=C[C@@]43C)[C@@H]1CC[C@]2(O)C(=O)CO,51,[H],C[C@]12C[C@H](O)[C@H]3[C@@H](CCC4=CC(=O)C=C[C@@]43C)[C@@H]1C[CH][C@]2(O)C(=O)CO,95.95491122600609,C-H,0,"['C[C@]12C[C@H](O)[C@H]3[C@@H](CCC4=CC(=O)C=C[C@@]43C)[C@@H]1C[CH][C@]2(O)C(=O)CO', '[H]']",95.97
570,C[C@]12C[C@H](O)[C@H]3[C@@H](CCC4=CC(=O)C=C[C@@]43C)[C@@H]1CC[C@]2(O)C(=O)CO,54,[H],C[C@]12C[C@H](O)[C@H]3[C@@H](CCC4=CC(=O)C=C[C@@]43C)[C@@H]1CC[C@]2(O)C(=O)[CH]O,77.24133782802659,C-H,0,"['C[C@]12C[C@H](O)[C@H]3[C@@H](CCC4=CC(=O)C=C[C@@]43C)[C@@H]1CC[C@]2(O)C(=O)[CH]O', '[H]']",77.24
575,CN(C)CC/C=C1/c2ccccc2COc2ccc(CC(=O)O)cc21,38,[H],CN(C)CC/C=C1/c2[c]cccc2COc2ccc(CC(=O)O)cc21,109.956519542969,C-H,0,"['CN(C)CC/C=C1/c2[c]cccc2COc2ccc(CC(=O)O)cc21', '[H]']",110.03
581,CN(C)CC/C=C1/c2ccccc2COc2ccc(CC(=O)O)cc21,45,[H],CN(C)CC/C=C1/c2ccccc2COc2c[c]c(CC(=O)O)cc21,111.217812632923,C-H,0,"['CN(C)CC/C=C1/c2ccccc2COc2c[c]c(CC(=O)O)cc21', '[H]']",111.17
595,N=C(N)N1CCc2ccccc2C1,17,[H],N=C(N)N1[CH]Cc2ccccc2C1,90.48240523705441,C-H,0,"['N=C(N)N1[CH]Cc2ccccc2C1', '[H]']",90.49
596,N=C(N)N1CCc2ccccc2C1,19,[H],N=C(N)N1C[CH]c2ccccc2C1,87.6379069400307,C-H,0,"['N=C(N)N1C[CH]c2ccccc2C1', '[H]']",87.68
597,N=C(N)N1CCc2ccccc2C1,21,[H],N=C(N)N1CCc2[c]cccc2C1,110.78420391401899,C-H,0,"['N=C(N)N1CCc2[c]cccc2C1', '[H]']",110.79
598,N=C(N)N1CCc2ccccc2C1,22,[H],N=C(N)N1CCc2c[c]ccc2C1,111.23663790301799,C-H,0,"['N=C(N)N1CCc2c[c]ccc2C1', '[H]']",111.2
599,N=C(N)N1CCc2ccccc2C1,23,[H],N=C(N)N1CCc2cc[c]cc2C1,111.21091003401199,C-H,0,"['N=C(N)N1CCc2cc[c]cc2C1', '[H]']",111.21
600,N=C(N)N1CCc2ccccc2C1,24,[H],N=C(N)N1CCc2ccc[c]c2C1,111.05466029305,C-H,0,"['N=C(N)N1CCc2ccc[c]c2C1', '[H]']",111.06
603,CN(C)CC(c1ccc(O)cc1)C1(O)CCCCC1,26,[H],CN(C)[CH]C(c1ccc(O)cc1)C1(O)CCCCC1,91.72989312904372,C-H,0,"['CN(C)[CH]C(c1ccc(O)cc1)C1(O)CCCCC1', '[H]']",91.68
605,CN(C)CC(c1ccc(O)cc1)C1(O)CCCCC1,30,[H],CN(C)CC(c1c[c]c(O)cc1)C1(O)CCCCC1,111.705387126047,C-H,0,"['CN(C)CC(c1c[c]c(O)cc1)C1(O)CCCCC1', '[H]']",111.66
606,CN(C)CC(c1ccc(O)cc1)C1(O)CCCCC1,39,[H],CN(C)CC(c1ccc(O)cc1)C1(O)CC[CH]CC1,97.4678354250387,C-H,0,"['CN(C)CC(c1ccc(O)cc1)C1(O)CC[CH]CC1', '[H]']",97.43
607,CN1CC[C@]23c4c5ccc(O)c4O[C@H]2[C@@H](O)C=C[C@H]3C1C5,25,[H],[CH2]N1CC[C@]23c4c5ccc(O)c4O[C@H]2[C@@H](O)C=C[C@H]3C1C5,90.299800118016,C-H,0,"['[CH2]N1CC[C@]23c4c5ccc(O)c4O[C@H]2[C@@H](O)C=C[C@H]3C1C5', '[H]']",90.31
608,CN1CC[C@]23c4c5ccc(O)c4O[C@H]2[C@@H](O)C=C[C@H]3C1C5,28,[H],CN1[CH]C[C@]23c4c5ccc(O)c4O[C@H]2[C@@H](O)C=C[C@H]3C1C5,89.76892750400091,C-H,0,"['CN1[CH]C[C@]23c4c5ccc(O)c4O[C@H]2[C@@H](O)C=C[C@H]3C1C5', '[H]']",89.84
609,CN1CC[C@]23c4c5ccc(O)c4O[C@H]2[C@@H](O)C=C[C@H]3C1C5,30,[H],CN1C[CH][C@]23c4c5ccc(O)c4O[C@H]2[C@@H](O)C=C[C@H]3C1C5,99.09559377099541,C-H,0,"['CN1C[CH][C@]23c4c5ccc(O)c4O[C@H]2[C@@H](O)C=C[C@H]3C1C5', '[H]']",99.07
610,CN1CC[C@]23c4c5ccc(O)c4O[C@H]2[C@@H](O)C=C[C@H]3C1C5,32,[H],CN1CC[C@]23c4c5[c]cc(O)c4O[C@H]2[C@@H](O)C=C[C@H]3C1C5,111.57612027201701,C-H,0,"['CN1CC[C@]23c4c5[c]cc(O)c4O[C@H]2[C@@H](O)C=C[C@H]3C1C5', '[H]']",111.56
611,CN1CC[C@]23c4c5ccc(O)c4O[C@H]2[C@@H](O)C=C[C@H]3C1C5,33,[H],CN1CC[C@]23c4c5c[c]c(O)c4O[C@H]2[C@@H](O)C=C[C@H]3C1C5,112.960405126018,C-H,0,"['CN1CC[C@]23c4c5c[c]c(O)c4O[C@H]2[C@@H](O)C=C[C@H]3C1C5', '[H]']",112.95
612,CN1CC[C@]23c4c5ccc(O)c4O[C@H]2[C@@H](O)C=C[C@H]3C1C5,38,[H],CN1CC[C@]23c4c5ccc(O)c4O[C@H]2[C@@H](O)[C]=C[C@H]3C1C5,110.587166088017,C-H,0,"['CN1CC[C@]23c4c5ccc(O)c4O[C@H]2[C@@H](O)[C]=C[C@H]3C1C5', '[H]']",110.64
613,CN1CC[C@]23c4c5ccc(O)c4O[C@H]2[C@@H](O)C=C[C@H]3C1C5,39,[H],CN1CC[C@]23c4c5ccc(O)c4O[C@H]2[C@@H](O)C=[C][C@H]3C1C5,108.611767756011,C-H,0,"['CN1CC[C@]23c4c5ccc(O)c4O[C@H]2[C@@H](O)C=[C][C@H]3C1C5', '[H]']",108.62
614,CN1CC[C@]23c4c5ccc(O)c4O[C@H]2[C@@H](O)C=C[C@H]3C1C5,42,[H],CN1CC[C@]23c4c5ccc(O)c4O[C@H]2[C@@H](O)C=C[C@H]3C1[CH]5,84.98228885195829,C-H,0,"['CN1CC[C@]23c4c5ccc(O)c4O[C@H]2[C@@H](O)C=C[C@H]3C1[CH]5', '[H]']",84.98
615,C#C[C@]1(O)CC[C@H]2[C@@H]3CCC4=CC(=O)CC[C@@H]4[C@H]3C(=C)C[C@@]21CC,27,[H],[C]#C[C@]1(O)CC[C@H]2[C@@H]3CCC4=CC(=O)CC[C@@H]4[C@H]3C(=C)C[C@@]21CC,131.431132540968,C-H,0,"['[C]#C[C@]1(O)CC[C@H]2[C@@H]3CCC4=CC(=O)CC[C@@H]4[C@H]3C(=C)C[C@@]21CC', '[H]']",131.44
616,C#C[C@]1(O)CC[C@H]2[C@@H]3CCC4=CC(=O)CC[C@@H]4[C@H]3C(=C)C[C@@]21CC,29,[H],C#C[C@]1(O)[CH]C[C@H]2[C@@H]3CCC4=CC(=O)CC[C@@H]4[C@H]3C(=C)C[C@@]21CC,96.2962761220003,C-H,0,"['C#C[C@]1(O)[CH]C[C@H]2[C@@H]3CCC4=CC(=O)CC[C@@H]4[C@H]3C(=C)C[C@@]21CC', '[H]']",96.27
618,C#C[C@]1(O)CC[C@H]2[C@@H]3CCC4=CC(=O)CC[C@@H]4[C@H]3C(=C)C[C@@]21CC,35,[H],C#C[C@]1(O)CC[C@H]2[C@@H]3[CH]CC4=CC(=O)CC[C@@H]4[C@H]3C(=C)C[C@@]21CC,98.4781249149848,C-H,0,"['C#C[C@]1(O)CC[C@H]2[C@@H]3[CH]CC4=CC(=O)CC[C@@H]4[C@H]3C(=C)C[C@@]21CC', '[H]']",98.44
619,C#C[C@]1(O)CC[C@H]2[C@@H]3CCC4=CC(=O)CC[C@@H]4[C@H]3C(=C)C[C@@]21CC,37,[H],C#C[C@]1(O)CC[C@H]2[C@@H]3C[CH]C4=CC(=O)CC[C@@H]4[C@H]3C(=C)C[C@@]21CC,81.2743381709745,C-H,0,"['C#C[C@]1(O)CC[C@H]2[C@@H]3C[CH]C4=CC(=O)CC[C@@H]4[C@H]3C(=C)C[C@@]21CC', '[H]']",81.3
620,C#C[C@]1(O)CC[C@H]2[C@@H]3CCC4=CC(=O)CC[C@@H]4[C@H]3C(=C)C[C@@]21CC,39,[H],C#C[C@]1(O)CC[C@H]2[C@@H]3CCC4=[C]C(=O)CC[C@@H]4[C@H]3C(=C)C[C@@]21CC,111.15694426000499,C-H,0,"['C#C[C@]1(O)CC[C@H]2[C@@H]3CCC4=[C]C(=O)CC[C@@H]4[C@H]3C(=C)C[C@@]21CC', '[H]']",111.14
621,C#C[C@]1(O)CC[C@H]2[C@@H]3CCC4=CC(=O)CC[C@@H]4[C@H]3C(=C)C[C@@]21CC,40,[H],C#C[C@]1(O)CC[C@H]2[C@@H]3CCC4=CC(=O)[CH]C[C@@H]4[C@H]3C(=C)C[C@@]21CC,91.3232672970002,C-H,0,"['C#C[C@]1(O)CC[C@H]2[C@@H]3CCC4=CC(=O)[CH]C[C@@H]4[C@H]3C(=C)C[C@@]21CC', '[H]']",91.27
622,C#C[C@]1(O)CC[C@H]2[C@@H]3CCC4=CC(=O)CC[C@@H]4[C@H]3C(=C)C[C@@]21CC,42,[H],C#C[C@]1(O)CC[C@H]2[C@@H]3CCC4=CC(=O)C[CH][C@@H]4[C@H]3C(=C)C[C@@]21CC,95.8206242999885,C-H,0,"['C#C[C@]1(O)CC[C@H]2[C@@H]3CCC4=CC(=O)C[CH][C@@H]4[C@H]3C(=C)C[C@@]21CC', '[H]']",95.79
624,C#C[C@]1(O)CC[C@H]2[C@@H]3CCC4=CC(=O)CC[C@@H]4[C@H]3C(=C)C[C@@]21CC,48,[H],C#C[C@]1(O)CC[C@H]2[C@@H]3CCC4=CC(=O)CC[C@@H]4[C@H]3C(=C)[CH][C@@]21CC,92.52118197797199,C-H,0,"['C#C[C@]1(O)CC[C@H]2[C@@H]3CCC4=CC(=O)CC[C@@H]4[C@H]3C(=C)[CH][C@@]21CC', '[H]']",92.47
625,C#C[C@]1(O)CC[C@H]2[C@@H]3CCC4=CC(=O)CC[C@@H]4[C@H]3C(=C)C[C@@]21CC,50,[H],C#C[C@]1(O)CC[C@H]2[C@@H]3CCC4=CC(=O)CC[C@@H]4[C@H]3C(=C)C[C@@]21[CH]C,93.6845836639597,C-H,0,"['C#C[C@]1(O)CC[C@H]2[C@@H]3CCC4=CC(=O)CC[C@@H]4[C@H]3C(=C)C[C@@]21[CH]C', '[H]']",93.66
626,C#C[C@]1(O)CC[C@H]2[C@@H]3CCC4=CC(=O)CC[C@@H]4[C@H]3C(=C)C[C@@]21CC,52,[H],C#C[C@]1(O)CC[C@H]2[C@@H]3CCC4=CC(=O)CC[C@@H]4[C@H]3C(=C)C[C@@]21C[CH2],98.370193366972,C-H,0,"['C#C[C@]1(O)CC[C@H]2[C@@H]3CCC4=CC(=O)CC[C@@H]4[C@H]3C(=C)C[C@@]21C[CH2]', '[H]']",98.29
627,COC(=O)C(c1ccccc1)C1CCCCN1,18,[H],[CH2]OC(=O)C(c1ccccc1)C1CCCCN1,98.2904997240305,C-H,0,"['[CH2]OC(=O)C(c1ccccc1)C1CCCCN1', '[H]']",98.31
628,COC(=O)C(c1ccccc1)C1CCCCN1,22,[H],COC(=O)C(c1[c]cccc1)C1CCCCN1,111.445598400061,C-H,0,"['COC(=O)C(c1[c]cccc1)C1CCCCN1', '[H]']",111.39
629,COC(=O)C(c1ccccc1)C1CCCCN1,23,[H],COC(=O)C(c1c[c]ccc1)C1CCCCN1,110.996929465053,C-H,0,"['COC(=O)C(c1c[c]ccc1)C1CCCCN1', '[H]']",111.03
630,COC(=O)C(c1ccccc1)C1CCCCN1,24,[H],COC(=O)C(c1cc[c]cc1)C1CCCCN1,111.298133785006,C-H,0,"['COC(=O)C(c1cc[c]cc1)C1CCCCN1', '[H]']",111.28
631,COC(=O)C(c1ccccc1)C1CCCCN1,28,[H],COC(=O)C(c1ccccc1)C1[CH]CCCN1,99.08429860902392,C-H,0,"['COC(=O)C(c1ccccc1)C1[CH]CCCN1', '[H]']",99.1
633,COC(=O)C(c1ccccc1)C1CCCCN1,32,[H],COC(=O)C(c1ccccc1)C1CC[CH]CN1,98.9531492279983,C-H,0,"['COC(=O)C(c1ccccc1)C1CC[CH]CN1', '[H]']",98.97
634,COC(=O)C(c1ccccc1)C1CCCCN1,34,[H],COC(=O)C(c1ccccc1)C1CCC[CH]N1,90.76603930505159,C-H,0,"['COC(=O)C(c1ccccc1)C1CCC[CH]N1', '[H]']",90.75
645,COc1ccccc1OCCNCC(O)COc1cccc2[nH]c3ccccc3c12,52,[H],COc1ccccc1OCCNCC(O)COc1c[c]cc2[nH]c3ccccc3c12,110.953631344091,C-H,0,"['COc1ccccc1OCCNCC(O)COc1c[c]cc2[nH]c3ccccc3c12', '[H]']",111.05
651,CNC[C@H](O)c1ccc(O)c(O)c1,17,[H],CN[CH][C@H](O)c1ccc(O)c(O)c1,92.4408608260322,C-H,0,"['CN[CH][C@H](O)c1ccc(O)c(O)c1', '[H]']",92.44
652,CNC[C@H](O)c1ccc(O)c(O)c1,21,[H],CNC[C@H](O)c1[c]cc(O)c(O)c1,111.329509234998,C-H,0,"['CNC[C@H](O)c1[c]cc(O)c(O)c1', '[H]']",111.3
655,CCCCC1=NC2(CCCC2)C(=O)N1Cc1ccc(-c2ccccc2-c2nn[nH]n2)cc1,53,[H],CCCCC1=NC2(CCCC2)C(=O)N1[CH]c1ccc(-c2ccccc2-c2nn[nH]n2)cc1,88.8697071069883,C-H,0,"['CCCCC1=NC2(CCCC2)C(=O)N1[CH]c1ccc(-c2ccccc2-c2nn[nH]n2)cc1', '[H]']",88.89
656,CCCCC1=NC2(CCCC2)C(=O)N1Cc1ccc(-c2ccccc2-c2nn[nH]n2)cc1,56,[H],CCCCC1=NC2(CCCC2)C(=O)N1Cc1c[c]c(-c2ccccc2-c2nn[nH]n2)cc1,111.187692200999,C-H,0,"['CCCCC1=NC2(CCCC2)C(=O)N1Cc1c[c]c(-c2ccccc2-c2nn[nH]n2)cc1', '[H]']",111.21
657,CCCCC1=NC2(CCCC2)C(=O)N1Cc1ccc(-c2ccccc2-c2nn[nH]n2)cc1,58,[H],CCCCC1=NC2(CCCC2)C(=O)N1Cc1ccc(-c2c[c]ccc2-c2nn[nH]n2)cc1,111.230990321961,C-H,0,"['CCCCC1=NC2(CCCC2)C(=O)N1Cc1ccc(-c2c[c]ccc2-c2nn[nH]n2)cc1', '[H]']",111.25
658,CCCCC1=NC2(CCCC2)C(=O)N1Cc1ccc(-c2ccccc2-c2nn[nH]n2)cc1,60,[H],CCCCC1=NC2(CCCC2)C(=O)N1Cc1ccc(-c2ccc[c]c2-c2nn[nH]n2)cc1,111.89426733492701,C-H,0,"['CCCCC1=NC2(CCCC2)C(=O)N1Cc1ccc(-c2ccc[c]c2-c2nn[nH]n2)cc1', '[H]']",111.89
659,CCCC(C)(COC(N)=O)COC(=O)NC(C)C,17,[H],[CH2]CCC(C)(COC(N)=O)COC(=O)NC(C)C,100.23326758797701,C-H,0,"['[CH2]CCC(C)(COC(N)=O)COC(=O)NC(C)C', '[H]']",100.18
661,CCCC(C)(COC(N)=O)COC(=O)NC(C)C,22,[H],CC[CH]C(C)(COC(N)=O)COC(=O)NC(C)C,97.4559127539975,C-H,0,"['CC[CH]C(C)(COC(N)=O)COC(=O)NC(C)C', '[H]']",97.42
664,CCCC(C)(COC(N)=O)COC(=O)NC(C)C,34,[H],CCCC(C)(COC(N)=O)COC(=O)N[C](C)C,93.19700917097789,C-H,0,"['CCCC(C)(COC(N)=O)COC(=O)N[C](C)C', '[H]']",93.13
665,Cc1ccc(C)c(OCCCC(C)(C)C(=O)O)c1,18,[H],[CH2]c1ccc(C)c(OCCCC(C)(C)C(=O)O)c1,89.41752246396071,C-H,0,"['[CH2]c1ccc(C)c(OCCCC(C)(C)C(=O)O)c1', '[H]']",89.46
666,Cc1ccc(C)c(OCCCC(C)(C)C(=O)O)c1,21,[H],Cc1[c]cc(C)c(OCCCC(C)(C)C(=O)O)c1,111.743037666024,C-H,0,"['Cc1[c]cc(C)c(OCCCC(C)(C)C(=O)O)c1', '[H]']",111.79
667,Cc1ccc(C)c(OCCCC(C)(C)C(=O)O)c1,22,[H],Cc1c[c]c(C)c(OCCCC(C)(C)C(=O)O)c1,110.68442998298599,C-H,0,"['Cc1c[c]c(C)c(OCCCC(C)(C)C(=O)O)c1', '[H]']",110.71
668,Cc1ccc(C)c(OCCCC(C)(C)C(=O)O)c1,23,[H],[CH2]c1ccc(C)cc1OCCCC(C)(C)C(=O)O,89.4005797210035,C-H,0,"['[CH2]c1ccc(C)cc1OCCCC(C)(C)C(=O)O', '[H]']",89.43
677,CCOC(=O)[C@H](CCc1ccccc1)N[C@@H](C)C(=O)N1Cc2ccccc2C[C@H]1C(=O)O,46,[H],CCOC(=O)[C@H](CCc1cc[c]cc1)N[C@@H](C)C(=O)N1Cc2ccccc2C[C@H]1C(=O)O,111.525919552073,C-H,0,"['CCOC(=O)[C@H](CCc1cc[c]cc1)N[C@@H](C)C(=O)N1Cc2ccccc2C[C@H]1C(=O)O', '[H]']",111.62
685,NC(=O)N1c2ccccc2C=Cc2ccccc21,22,[H],NC(=O)N1c2[c]cccc2C=Cc2ccccc21,112.457770417003,C-H,0,"['NC(=O)N1c2[c]cccc2C=Cc2ccccc21', '[H]']",112.46
686,NC(=O)N1c2ccccc2C=Cc2ccccc21,23,[H],NC(=O)N1c2c[c]ccc2C=Cc2ccccc21,111.305036383988,C-H,0,"['NC(=O)N1c2c[c]ccc2C=Cc2ccccc21', '[H]']",111.34
687,NC(=O)N1c2ccccc2C=Cc2ccccc21,24,[H],NC(=O)N1c2cc[c]cc2C=Cc2ccccc21,111.389750098988,C-H,0,"['NC(=O)N1c2cc[c]cc2C=Cc2ccccc21', '[H]']",111.46
688,NC(=O)N1c2ccccc2C=Cc2ccccc21,25,[H],NC(=O)N1c2ccc[c]c2C=Cc2ccccc21,111.332019270991,C-H,0,"['NC(=O)N1c2ccc[c]c2C=Cc2ccccc21', '[H]']",111.34
689,NC(=O)N1c2ccccc2C=Cc2ccccc21,26,[H],NC(=O)N1c2ccccc2[C]=Cc2ccccc21,107.054290417948,C-H,0,"['NC(=O)N1c2ccccc2[C]=Cc2ccccc21', '[H]']",107.07
690,CC(=O)[C@H]1CC[C@H]2[C@@H]3CCC4=CC(=O)CC[C@]4(C)[C@H]3CC[C@]12C,26,[H],[CH2]C(=O)[C@H]1CC[C@H]2[C@@H]3CCC4=CC(=O)CC[C@]4(C)[C@H]3CC[C@]12C,93.8966817060662,C-H,0,"['[CH2]C(=O)[C@H]1CC[C@H]2[C@@H]3CCC4=CC(=O)CC[C@]4(C)[C@H]3CC[C@]12C', '[H]']",93.89
691,CC(=O)[C@H]1CC[C@H]2[C@@H]3CCC4=CC(=O)CC[C@]4(C)[C@H]3CC[C@]12C,30,[H],CC(=O)[C@H]1[CH]C[C@H]2[C@@H]3CCC4=CC(=O)CC[C@]4(C)[C@H]3CC[C@]12C,95.78297376001221,C-H,0,"['CC(=O)[C@H]1[CH]C[C@H]2[C@@H]3CCC4=CC(=O)CC[C@]4(C)[C@H]3CC[C@]12C', '[H]']",95.75
692,CC(=O)[C@H]1CC[C@H]2[C@@H]3CCC4=CC(=O)CC[C@]4(C)[C@H]3CC[C@]12C,32,[H],CC(=O)[C@H]1C[CH][C@H]2[C@@H]3CCC4=CC(=O)CC[C@]4(C)[C@H]3CC[C@]12C,96.4882938760149,C-H,0,"['CC(=O)[C@H]1C[CH][C@H]2[C@@H]3CCC4=CC(=O)CC[C@]4(C)[C@H]3CC[C@]12C', '[H]']",96.47
694,CC(=O)[C@H]1CC[C@H]2[C@@H]3CCC4=CC(=O)CC[C@]4(C)[C@H]3CC[C@]12C,38,[H],CC(=O)[C@H]1CC[C@H]2[C@@H]3C[CH]C4=CC(=O)CC[C@]4(C)[C@H]3CC[C@]12C,81.97965828704851,C-H,0,"['CC(=O)[C@H]1CC[C@H]2[C@@H]3C[CH]C4=CC(=O)CC[C@]4(C)[C@H]3CC[C@]12C', '[H]']",81.99
695,CC(=O)[C@H]1CC[C@H]2[C@@H]3CCC4=CC(=O)CC[C@]4(C)[C@H]3CC[C@]12C,40,[H],CC(=O)[C@H]1CC[C@H]2[C@@H]3CCC4=[C]C(=O)CC[C@]4(C)[C@H]3CC[C@]12C,110.858877485045,C-H,0,"['CC(=O)[C@H]1CC[C@H]2[C@@H]3CCC4=[C]C(=O)CC[C@]4(C)[C@H]3CC[C@]12C', '[H]']",110.9
696,CC(=O)[C@H]1CC[C@H]2[C@@H]3CCC4=CC(=O)CC[C@]4(C)[C@H]3CC[C@]12C,41,[H],CC(=O)[C@H]1CC[C@H]2[C@@H]3CCC4=CC(=O)[CH]C[C@]4(C)[C@H]3CC[C@]12C,90.7484690530247,C-H,0,"['CC(=O)[C@H]1CC[C@H]2[C@@H]3CCC4=CC(=O)[CH]C[C@]4(C)[C@H]3CC[C@]12C', '[H]']",90.68
697,CC(=O)[C@H]1CC[C@H]2[C@@H]3CCC4=CC(=O)CC[C@]4(C)[C@H]3CC[C@]12C,43,[H],CC(=O)[C@H]1CC[C@H]2[C@@H]3CCC4=CC(=O)C[CH][C@]4(C)[C@H]3CC[C@]12C,97.46281535305141,C-H,0,"['CC(=O)[C@H]1CC[C@H]2[C@@H]3CCC4=CC(=O)C[CH][C@]4(C)[C@H]3CC[C@]12C', '[H]']",97.39
699,CC(=O)[C@H]1CC[C@H]2[C@@H]3CCC4=CC(=O)CC[C@]4(C)[C@H]3CC[C@]12C,49,[H],CC(=O)[C@H]1CC[C@H]2[C@@H]3CCC4=CC(=O)CC[C@]4(C)[C@H]3[CH]C[C@]12C,95.2389234570303,C-H,0,"['CC(=O)[C@H]1CC[C@H]2[C@@H]3CCC4=CC(=O)CC[C@]4(C)[C@H]3[CH]C[C@]12C', '[H]']",95.23
700,CC(=O)[C@H]1CC[C@H]2[C@@H]3CCC4=CC(=O)CC[C@]4(C)[C@H]3CC[C@]12C,51,[H],CC(=O)[C@H]1CC[C@H]2[C@@H]3CCC4=CC(=O)CC[C@]4(C)[C@H]3C[CH][C@]12C,97.6793059580042,C-H,0,"['CC(=O)[C@H]1CC[C@H]2[C@@H]3CCC4=CC(=O)CC[C@]4(C)[C@H]3C[CH][C@]12C', '[H]']",97.67
701,CC(=O)[C@H]1CC[C@H]2[C@@H]3CCC4=CC(=O)CC[C@]4(C)[C@H]3CC[C@]12C,53,[H],[CH2][C@]12CC[C@H]3[C@@H](CCC4=CC(=O)CC[C@@]43C)[C@@H]1CC[C@@H]2C(C)=O,98.39968629004021,C-H,0,"['[CH2][C@]12CC[C@H]3[C@@H](CCC4=CC(=O)CC[C@@]43C)[C@@H]1CC[C@@H]2C(C)=O', '[H]']",98.42
702,COc1ccc(OC)c(C(O)C(C)N)c1,15,[H],[CH2]Oc1ccc(OC)c(C(O)C(C)N)c1,96.20340479002078,C-H,0,"['[CH2]Oc1ccc(OC)c(C(O)C(C)N)c1', '[H]']",96.25
704,COc1ccc(OC)c(C(O)C(C)N)c1,19,[H],COc1c[c]c(OC)c(C(O)C(C)N)c1,110.31921974498002,C-H,0,"['COc1c[c]c(OC)c(C(O)C(C)N)c1', '[H]']",110.36
705,COc1ccc(OC)c(C(O)C(C)N)c1,20,[H],[CH2]Oc1ccc(OC)cc1C(O)C(C)N,95.9191432130251,C-H,0,"['[CH2]Oc1ccc(OC)cc1C(O)C(C)N', '[H]']",95.98
706,COc1ccc(OC)c(C(O)C(C)N)c1,26,[H],[CH2]C(N)C(O)c1cc(OC)ccc1OC,100.51690165597401,C-H,0,"['[CH2]C(N)C(O)c1cc(OC)ccc1OC', '[H]']",100.54
707,COc1ccc(OC)c(C(O)C(C)N)c1,31,[H],COc1[c]c(C(O)C(C)N)c(OC)cc1,111.605613195014,C-H,0,"['COc1[c]c(C(O)C(C)N)c(OC)cc1', '[H]']",111.61
720,Cc1c(CO)cccc1Nc1ccccc1C(=O)O,20,[H],[CH2]c1c(CO)cccc1Nc1ccccc1C(=O)O,89.2531151060191,C-H,0,"['[CH2]c1c(CO)cccc1Nc1ccccc1C(=O)O', '[H]']",89.26
722,Cc1c(CO)cccc1Nc1ccccc1C(=O)O,26,[H],Cc1c(CO)[c]ccc1Nc1ccccc1C(=O)O,111.267385844012,C-H,0,"['Cc1c(CO)[c]ccc1Nc1ccccc1C(=O)O', '[H]']",111.32
723,Cc1c(CO)cccc1Nc1ccccc1C(=O)O,27,[H],Cc1c(CO)c[c]cc1Nc1ccccc1C(=O)O,111.084153215975,C-H,0,"['Cc1c(CO)c[c]cc1Nc1ccccc1C(=O)O', '[H]']",111.14
724,Cc1c(CO)cccc1Nc1ccccc1C(=O)O,28,[H],Cc1c(Nc2ccccc2C(=O)O)[c]ccc1CO,109.276299786974,C-H,0,"['Cc1c(Nc2ccccc2C(=O)O)[c]ccc1CO', '[H]']",109.3
725,Cc1c(CO)cccc1Nc1ccccc1C(=O)O,30,[H],Cc1c(CO)cccc1Nc1[c]cccc1C(=O)O,109.746304028,C-H,0,"['Cc1c(CO)cccc1Nc1[c]cccc1C(=O)O', '[H]']",109.75
726,Cc1c(CO)cccc1Nc1ccccc1C(=O)O,31,[H],Cc1c(CO)cccc1Nc1c[c]ccc1C(=O)O,110.375068045982,C-H,0,"['Cc1c(CO)cccc1Nc1c[c]ccc1C(=O)O', '[H]']",110.36
727,Cc1c(CO)cccc1Nc1ccccc1C(=O)O,32,[H],Cc1c(CO)cccc1Nc1cc[c]cc1C(=O)O,112.68618369299699,C-H,0,"['Cc1c(CO)cccc1Nc1cc[c]cc1C(=O)O', '[H]']",112.68
728,Cc1c(CO)cccc1Nc1ccccc1C(=O)O,33,[H],Cc1c(CO)cccc1Nc1ccc[c]c1C(=O)O,111.017009753002,C-H,0,"['Cc1c(CO)cccc1Nc1ccc[c]c1C(=O)O', '[H]']",111.05
737,CCC(C)(C)C(=O)OC1C[C@@H](C)C=C2C=C[C@H](C)[C@H](CC[C@@H]3C[C@@H](O)CC(=O)O3)C21,35,[H],C[CH]C(C)(C)C(=O)OC1C[C@@H](C)C=C2C=C[C@H](C)[C@H](CC[C@@H]3C[C@@H](O)CC(=O)O3)C21,97.75648956495199,C-H,0,"['C[CH]C(C)(C)C(=O)OC1C[C@@H](C)C=C2C=C[C@H](C)[C@H](CC[C@@H]3C[C@@H](O)CC(=O)O3)C21', '[H]']",97.67
745,CCC(C)(C)C(=O)OC1C[C@@H](C)C=C2C=C[C@H](C)[C@H](CC[C@@H]3C[C@@H](O)CC(=O)O3)C21,60,[H],CCC(C)(C)C(=O)OC1C[C@@H](C)C=C2C=C[C@H](C)[C@H](C[CH][C@@H]3C[C@@H](O)CC(=O)O3)C21,98.10852211399059,C-H,0,"['CCC(C)(C)C(=O)OC1C[C@@H](C)C=C2C=C[C@H](C)[C@H](C[CH][C@@H]3C[C@@H](O)CC(=O)O3)C21', '[H]']",98.18
