ID,Compound,Radical1,Radical2,BDE,Error,Method,Solvent,B_Type,C_Struct,R1_Struct,R2_Struct
00001,C,[CH3],[H],105.0,0.1,VLPP,gas,C-H,00001,00001,00002
00002,CC,C[C]([H])[H],[H],100.5,0.3,VLPP,gas,C-H,00002,00003,00002
00003,CCC,C[C]([H])C,[H],98.1,0.7,PIMS,gas,C-H,00003,00004,00002
00004,CCC,CC[C]([H])[H],[H],100.9,0.5,KM,gas,C-H,00003,00005,00002
00005,CC(C)C,C[C](C)C,[H],95.7,0.7,FS,gas,C-H,00004,00006,00002
00006,CC(C)C,CC(C)[C]([H])[H],[H],100.2,1.0,Rev.,gas,C-H,00004,00007,00002
00007,CCCC,C[C]([H])CC,[H],98.3,0.5,PD,gas,C-H,00005,00008,00002
00008,CCCC,CCC[C]([H])[H],[H],100.7,,KM,gas,C-H,00005,00009,00002
00009,CC(C)(C)C,CC(C)(C)[C]([H])[H],[H],100.3,1.0,KM,gas,C-H,00006,00010,00002
00010,CCCCC,CC[C]([H])CC,[H],99.1,,LFER,gas,C-H,00007,00011,00002
00011,CCCCC,C[C]([H])CCC,[H],99.2,,Der.,gas,C-H,00007,00012,00002
00012,CCCCC,[H][C]([H])CCCC,[H],100.2,,Der.,gas,C-H,00007,00013,00002
00013,CCC(C)C,CC[C](C)C,[H],95.8,,KM,gas,C-H,00008,00014,00002
00014,CC(C(C)C)C,C[C](C(C)C)C,[H],95.4,3.1,KM,gas,C-H,00009,00015,00002
00015,CCC(C)CC,CC[C](C)CC,[H],95.5,,LFER,gas,C-H,00010,00016,00002
00016,CCC(C)(C)C,C[C]([H])C(C)(C)C,[H],98.0,,LFER,gas,C-H,00011,00017,00002
00017,CC(C)CCC,C[C](C)CCC,[H],95.4,,LFER,gas,C-H,00012,00018,00002
00018,CCCCCC,[H][C](CC)CCC,[H],99.1,,LFER,gas,C-H,00013,00019,00002
00019,CCCCCC,CCCC[C]([H])C,[H],98.0,,Der.,gas,C-H,00013,00020,00002
00020,CCCCCC,CCCCC[C]([H])[H],[H],99.0,,Der.,gas,C-H,00013,00021,00002
00021,CCCC(C)CC,CCC[C](C)CC,[H],94.9,,LFER,gas,C-H,00014,00022,00002
00022,CC(CC(C)C)C,[H][C](C(C)C)C(C)C,[H],95.6,,LFER,gas,C-H,00015,00023,00002
00023,CCCCCCC,CCC[C]([H])CCC,[H],99.4,,LFER,gas,C-H,00016,00024,00002
00024,CCCCCCC,CC[C]([H])CCCC,[H],99.1,,LFER,gas,C-H,00016,00025,00002
00025,CCCCCCC,C[C]([H])CCCCC,[H],98.0,,Der.,gas,C-H,00016,00026,00002
00026,CC(C)C(C)(C)C,C[C](C)C(C)(C)C,[H],95.5,,LFER,gas,C-H,00017,00027,00002
00027,CC(C(CCC)C)C,C[C](C(CCC)C)C,[H],96.7,,LFER,gas,C-H,00018,00028,00002
00028,CCCCCCCC,CCCC[C]([H])CCC,[H],99.4,,LFER,gas,C-H,00019,00029,00002
00029,CCCCCCCC,CCCCC[C]([H])CC,[H],99.1,,LFER,gas,C-H,00019,00071,00002
00030,CC(C)CC(C)(C)C,C[C](C)CC(C)(C)C,[H],95.6,,LFER,gas,C-H,00020,00031,00002
00031,CC(C)CCC(C)C,C[C](C)CCC(C)C,[H],95.6,,LFER,gas,C-H,00021,00032,00002
00032,CC(CC)CCCCC,C[C](CC)CCCCC,[H],94.8,,LFER,gas,C-H,00022,00030,00002
00033,CC(C)CCC(C)(C)C,C[C](C)CCC(C)(C)C,[H],95.4,,LFER,gas,C-H,00023,00033,00002
00034,C#C,C#[C],[H],133.32,0.07,PD,gas,C-H,00024,00034,00002
00035,C=C,C=[C][H],[H],110.9,0.6,PEPICO,gas,C-H,00025,00035,00002
00036,C=C=C,C=C=[C][H],[H],88.7,3.0,GPA,gas,C-H,00026,00036,00002
00037,C#CC,[C]#CC,[H],130.2,3.0,PES,gas,C-H,00027,00037,00002
00038,C#CC,C#C[C]([H])[H],[H],91.8,1.0,KM,gas,C-H,00027,00038,00002
00039,C=CC,C=C[C]([H])[H],[H],88.2,0.7,KM,gas,C-H,00028,00039,00002
00040,C=CC,C/C=[C]/[H],[H],111.1,,KM,gas,C-H,00028,00040,00002
00041,C#CC#C,C#CC#[C],[H],128.8,2.9,CID,gas,C-H,00029,00041,00002
00042,CC#CC,CC#C[C]([H])[H],[H],90.7,,KM,gas,C-H,00030,00042,00002
00043,C=CC=C,C=C[C]=C,[H],102.2,,Der.,gas,C-H,00031,00043,00002
00044,C=CC=C,C=C/C=[C]/[H],[H],114.4,,Der.,gas,C-H,00031,00044,00002
00045,C#CCC,C#C[C]([H])C,[H],89.1,,Der.,gas,C-H,00032,00045,00002
00046,C=C=CC,C=C=C[C]([H])[H],[H],89.9,,Der.,gas,C-H,00033,00046,00002
00047,C=CCC,C=C[C]([H])C,[H],85.6,,Der.,gas,C-H,00034,00047,00002
00048,C=CCC,C=CC[C]([H])[H],[H],98.2,,LFER,gas,C-H,00034,00048,00002
00049,CC(C)=C,C=C([C]([H])[H])C,[H],89.1,,KM,gas,C-H,00035,00049,00002
00050,C/C=C/C,C/C=C/[C]([H])[H],[H],85.3,,LFER,gas,C-H,00036,00050,00002
00051,C=CC#CC,C=CC#C[C]([H])[H],[H],86.8,,VLPP,gas,C-H,00037,00051,00002
00052,CC=C=CC,CC=C=C[C]([H])[H],[H],87.2,,LFER,gas,C-H,00038,00052,00002
00053,C=CCC=C,C=C[C]([H])C=C,[H],76.6,1.0,PAC,gas,C-H,00039,00053,00002
00054,C=C/C=C/C,C=C/C=C/[C]([H])[H],[H],83.0,3.0,Rev.,gas,C-H,00040,00054,00002
00055,C#CC(C)C,C#C[C](C)C,[H],82.5,2.0,AE,gas,C-H,00041,00055,00002
00056,C#CCCC,C#C[C]([H])CC,[H],83.6,2.0,AE,gas,C-H,00042,00056,00002
00057,CCC#CC,C[C]([H])C#CC,[H],87.3,2.3,VLPP,gas,C-H,00043,00057,00002
00058,C=CC(C)C,C=CC(C([H])[H])C,[H],100.9,,LFER,gas,C-H,00044,00058,00002
00059,C=CC(C)C,C=C[C](C)C,[H],79.5,1.7,KM,gas,C-H,00044,00059,00002
00060,CC(CC)=C,CC([C]([H])C)=C,[H],83.0,,LFER,gas,C-H,00045,00060,00002
00061,C=CCCC,C=C[C]([H])CC,[H],82.5,2.0,AE,gas,C-H,00046,00061,00002
00062,C=C(C)CC,C=C([C]([H])[H])CC,[H],87.9,,LFER,gas,C-H,00045,00062,00002
00063,C/C=C(C)\C,C/C=C([C]([H])[H])\C,[H],84.2,,LFER,gas,C-H,00047,00063,00002
00064,C#CC#CC#C,C#CC#CC#[C],[H],129.8,3.0,Est.,gas,C-H,00048,00064,00002
00065,C=CC(C)C=C,C=C[C](C)C=C,[H],76.6,1.0,PAC,gas,C-H,00049,00065,00002
00066,CC#CC(C)C,CC#C[C](C)C,[H],82.3,2.7,VLPP,gas,C-H,00050,00066,00002
00067,CC(C(C)=C)=C,CC(C([C]([H])[H])=C)=C,[H],89.6,3.1,Der.,gas,C-H,00051,00067,00002
00068,C#CC(OC)=O,[C]#CC(OC)=O,[H],132.0,5.0,GPA,gas,C-H,00052,00068,00002
00069,C=C(C(C)C)C,C=C([C](C)C)C,[H],83.9,,LFER,gas,C-H,00053,00069,00002
00070,C/C=C\C(C)C,C/C=C\[C](C)C,[H],79.8,,LFER,gas,C-H,00054,00070,00002
00071,C/C(C)=C\CC,C/C(C)=C\[CH]C,[H],79.3,,LFER,gas,C-H,00055,00072,00002
00072,C=CCCCC,C=C[C]([H])CCC,[H],83.4,,LFER,gas,C-H,00056,00073,00002
00073,C/C(C)=C(C)/C,C/C(C)=C(C)/[C]([H])[H],[H],84.3,,LFER,gas,C-H,00057,00074,00002
00074,C#CC(N(C)C)=O,[C]#CC(N(C)C)=O,[H],132.0,5.0,GPA,gas,C-H,00058,00075,00002
00075,C#CC1=CC=CC=C1,[C]#CC1=CC=CC=C1,[H],133.0,5.0,GPA,gas,C-H,00059,00076,00002
00076,CCCC/C=C/C=C,CCC[C]([H])/C=C/C=C,[H],79.3,,LFER,gas,C-H,00060,00077,00002
00077,CC(C)/C=C\C(C)C,C[C](C)/C=C\C(C)C,[H],80.3,,LFER,gas,C-H,00061,00078,00002
00078,CCCCC/C=C/C,CCCC[C]([H])/C=C/C,[H],81.9,,LFER,gas,C-H,00062,00079,00002
00079,CCCCCCC=C,CCCCC[C]([H])C=C,[H],83.4,,LFER,gas,C-H,00063,00080,00002
00080,C=CCCCCCC=C,C=CCCCC[C]([H])C=C,[H],83.6,,LFER,gas,C-H,00064,00081,00002
00081,CCCCCC/C=C/C,CCCCC[C]([H])/C=C/C,[H],82.2,,LFER,gas,C-H,00065,00082,00002
00082,CCCCC#CCCCC,[H][C](CCC)C#CCCCC,[H],83.2,,LFER,gas,C-H,00066,00083,00002
00083,C/C=C/CCCC/C=C/C,C/C=C/[C]([H])CCC/C=C/C,[H],81.6,,LFER,gas,C-H,00067,00084,00002
00084,C/C=C/CCCC/C=C/CC,C/C=C/[C]([H])CCC/C=C/CC,[H],81.6,,LFER,gas,C-H,00068,00085,00002
00085,C=CCCCCCCCCCCCCCC,C=C[C]([H])CCCCCCCCCCCCC,[H],83.4,,LFER,gas,C-H,00069,00086,00002
00086,C1=CC1,[H][C]1C=C1,[H],104.4,4.0,MS,gas,C-H,00070,00087,00002
00087,C1=CC1,[C]1=CC1,[H],110.4,4.2,MS,gas,C-H,00070,00088,00002
00088,C1CC1,C1C[CH]1,[H],106.3,0.25,VLPP,gas,C-H,00071,00089,00002
00089,C1=CCC1,C1=[C]CC1,[H],112.5,2.5,GPA,gas,C-H,00072,00090,00002
00090,C1=CCC1,C1=C[CH]C1,[H],91.2,2.3,GPA,gas,C-H,00072,00091,00002
00091,C12CC1C2,C12C[C]1C2,[H],102.0,,Est.,gas,C-H,00073,00092,00002
00092,CC1CC1,[CH2]C1CC1,[H],97.4,1.6,KM,gas,C-H,00074,00093,00002
00093,C1CCC1,C1CC[CH]1,[H],97.8,0.3,KM,gas,C-H,00075,00094,00002
00094,CC1(C)C=C1,CC1(C)C=[C]1,[H],106.7,3.7,GPA,gas,C-H,00076,00095,00002
00095,C1C=CCC1,C1C=C[CH]C1,[H],81.9,,LFER,gas,C-H,00077,00096,00002
00096,C1CC12CC2,C1CC12C[CH]2,[H],98.8,1.0,LFER,gas,C-H,00078,00097,00002
00097,C1CCCC1,C1CC[CH]C1,[H],95.6,1.0,EPR,gas,C-H,00079,00098,00002
00098,C1=CC=CC1,C1=CC=C[CH]1,[H],85.6,1.7,PAC,gas,C-H,00080,00099,00002
00099,C1=CC=CCC1,C1=CC=C[CH]C1,[H],74.3,,VLPP,gas,C-H,00081,00100,00002
00100,CC1=CC=CC1,[CH2]C1=CC=CC1,[H],86.5,2.0,VLPP,gas,C-H,00082,00101,00002
00101,C=C(C1)CC1=C,C=C([CH]1)CC1=C,[H],79.3,3.1,Der.,gas,C-H,00083,00102,00002
00102,C1=CCC=CC1,C1=C[CH]C=CC1,[H],76.0,1.2,KM,gas,C-H,00084,00103,00002
00103,C1=CCCCC1,C1=C[CH]CCC1,[H],81.6,,LFER,gas,C-H,00085,00104,00002
00104,C1CCCCC1,C1CCC[CH]C1,[H],99.5,,KM,gas,C-H,00086,00105,00002
00105,CC1CCCC1,C[C]1CCCC1,[H],93.7,,LFER,gas,C-H,00087,00106,00002
00106,[C@H]12C=C[C@@H](C2)C=C1,[C@H]12C=C[C@@H]([CH]2)C=C1,[H],115.6,1.9,TS,gas,C-H,00088,00107,00002
00107,C12C3C1C4C(C3)C24,C12C3C1C4[C](C3)C24,[H],111.5,1.3,TC,gas,C-H,00089,00108,00002
00108,C12C3C1C4C(C3)C24,C12C3C1C4C(C3)[C]24,[H],109.4,1.3,TC,gas,C-H,00089,00109,00002
00109,C1=CC=CCCC1,C1=CC=C[CH]CC1,[H],83.0,,LFER,gas,C-H,00090,00110,00002
00110,C12CCC(C2)CC1,C12CCC(C2)C[CH]1,[H],99.1,3.0,PAC,gas,C-H,00091,00111,00002
00111,C12CCC(C2)CC1,[C]12CCC(C2)CC1,[H],105.7,2.0,MS,gas,C-H,00091,00112,00002
00112,CC1CCCC=C1,C[C]1CCCC=C1,[H],79.5,,LFER,gas,C-H,00092,00113,00002
00113,CC1=CCCCC1,CC1=C[CH]CCC1,[H],81.0,,LFER,gas,C-H,00093,00114,00002
00114,C1CC=CCCC1,C1CC=C[CH]CC1,[H],82.8,,LFER,gas,C-H,00094,00115,00002
00115,CCC1CCCC1,CC[C]1CCCC1,[H],93.7,,LFER,gas,C-H,00095,00116,00002
00116,CC1CCCCC1,C[C]1CCCCC1,[H],94.3,,LFER,gas,C-H,00096,00117,00002
00117,C1CCCCCC1,C1CCC[CH]CC1,[H],94.0,,KM,gas,C-H,00097,00118,00002
00118,[C@@H]12[C@@H]3[C@@H]4[C@H]1[C@H]5[C@@H]4[C@@H]3[C@H]52,[C]12[C@@H]3[C@@H]4[C@H]1[C@H]5C4[C@@H]3[C@H]52,[H],102.0,4.0,GPA,gas,C-H,00098,00119,00002
00119,C/C(C)=C1C=CC=C/1,C/C([C]([H])[H])=C1C=CC=C/1,[H],84.5,,AOP,gas,C-H,00099,00120,00002
00120,C1=CC=CC2(CC2)C1,C1=CC=CC2(CC2)[CH]1,[H],70.7,,LFER,gas,C-H,00100,00121,00002
00121,CC1=CCC=C(C)C1,CC1=C[CH]C=C(C)C1,[H],80.4,,LFER,gas,C-H,00101,00122,00002
00122,C1C/C=C\CC/C=C\1,C1C/C=C\C[CH]/C=C\1,[H],79.3,,LFER,gas,C-H,00102,00123,00002
00123,C1=C\CCCC\C=C/1,C1=C\CCC[CH]\C=C/1,[H],83.0,,LFER,gas,C-H,00103,00124,00002
00124,C=CC1CCCCC1,C=C[C]1CCCCC1,[H],81.7,,LFER,gas,C-H,00104,00125,00002
00125,C1CC/C=C\CCC1,C1CC/C=C\[CH]CC1,[H],85.4,,LFER,gas,C-H,00105,00126,00002
00126,C1(CC2)CCC2CC1,C1(CC2)CC[C]2CC1,[H],102.9,1.7,MS,gas,C-H,00106,00127,00002
00127,CC1CC=CCC1C,CC1CC=C[CH]C1C,[H],78.0,,LFER,gas,C-H,00107,00128,00002
00128,C[C@@H]1CC[C@@H](C)CC1,C[C]1CCC(C)CC1,[H],94.8,,LFER,gas,C-H,00108,00129,00002
00129,CC1CCCCCC1,C[C]1CCCCCC1,[H],93.2,,LFER,gas,C-H,00109,00130,00002
00130,C[C@@H]1CC[C@H](C)CC1,C[C]1CCC(C)CC1,[H],93.7,,LFER,gas,C-H,00110,00129,00002
00131,C[C@@H]1CCC[C@@H](C)C1,C[C]1CCC[C@@H](C)C1,[H],93.3,,LFER,gas,C-H,00111,00131,00002
00132,C[C@@H]1CCC[C@H](C)C1,C[C]1CCC[C@H](C)C1,[H],93.9,,LFER,gas,C-H,00112,00131,00002
00133,C[C@@H]1[C@@H](C)CCCC1,C[C]1[C@@H](C)CCCC1,[H],97.4,,LFER,gas,C-H,00113,00132,00002
00134,C[C@@H]1[C@H](C)CCCC1,C[C@@H]1[C](C)CCCC1,[H],93.9,,LFER,gas,C-H,00114,00132,00002
00135,CCC1CCCCC1,CC[C]1CCCCC1,[H],94.5,,LFER,gas,C-H,00115,00133,00002
00136,CC(C1(C2)CC2C1)(C)C,CC(C1(C2)C[C]2C1)(C)C,[H],109.7,3.3,GPA,gas,C-H,00116,00134,00002
00137,C1CCCCCCCC1,C1CCCC[CH]CCC1,[H],96.3,,LFER,gas,C-H,00117,00135,00002
00138,CC1CCCCCCC1,C[C]1CCCCCCC1,[H],94.4,,LFER,gas,C-H,00118,00136,00002
00139,CCC1CCCCCC1,CC[C]1CCCCCC1,[H],93.8,,LFER,gas,C-H,00119,00137,00002
00140,C1(C2=CC=CC=C2)=CCC1,C1(C2=CC=CC=C2)=CC[CH]1,[H],85.6,2.6,MS,gas,C-H,00120,00138,00002
00141,C1(CC2C3)CC3CC(C2)C1,[C@@H]1(C[C@H]2C3)C[C@H]3C[C@H]([CH]2)C1,[H],98.5,,LFER,gas,C-H,00121,00139,00002
00142,C1(CC2C3)CC3CC(C2)C1,[C@@H]1(C[C]2C3)C[C@H]3C[C@H](C2)C1,[H],102.4,1.9,MS,gas,C-H,00121,00140,00002
00143,CC1=C(C)C(C)C(C)=C1C,CC1=C(C)[C](C)C(C)=C1C,[H],77.0,,AOP,gas,C-H,00122,00141,00002
00144,[C@@H]12CCCCC1CCCC2,[C@@H]12CCCCC1CCC[CH]2,[H],95.6,,LFER,gas,C-H,00123,00142,00002
00145,C1(C2CCCC2)CCCC1,[C]1(C2CCCC2)CCCC1,[H],91.3,,LFER,gas,C-H,00124,00143,00002
00146,CC1(C)C2C(C)CCC1C2,CC1(C)C2[C](C)CCC1C2,[H],90.2,,LFER,gas,C-H,00125,00144,00002
00147,CCC1CCCCCCC1,CC[C]1CCCCCCC1,[H],93.7,,LFER,gas,C-H,00126,00145,00002
00148,C1CCCCCCCCC1,C1CCCC[CH]CCCC1,[H],96.7,,LFER,gas,C-H,00117,00135,00002
00149,CC1CCCCCCCC1,C[C]1CCCCCCCC1,[H],94.4,,LFER,gas,C-H,00118,00136,00002
00150,C1(C2=CC=CC=C2)CCCC1,[C]1(C2=CC=CC=C2)CCCC1,[H],81.9,,LFER,gas,C-H,00127,00146,00002
00151,C1CCCCCCCCCC1,C1CCCCC[CH]CCCC1,[H],96.7,,LFER,gas,C-H,00117,00135,00002
00152,C1(C2=CC=CC=C2)CCCCC1,[C]1(C2=CC=CC=C2)CCCCC1,[H],85.2,,LFER,gas,C-H,00128,00147,00002
00153,C1(C2CCCCC2)CCCCC1,[C]1(C2CCCCC2)CCCCC1,[H],92.3,,LFER,gas,C-H,00129,00148,00002
00154,C1CCCCCCCCCCC1,C1CCCCC[CH]CCCCC1,[H],98.0,,LFER,gas,C-H,00130,00149,00002
00155,ClC(C1CCCCC1)(Cl)Cl,ClC([C]1CCCCC1)(Cl)Cl,[H],93.5,,LFER,gas,C-H,00131,00150,00002
00156,C1(C2=CC=CC=C2)=CC(C3=CC=CC=C3)C=C1,C1(C2=CC=CC=C2)=C[C](C3=CC=CC=C3)C=C1,[H],75.0,,AOP,gas,C-H,00132,00151,00002
00157,C1(C2=CC=CC=C2)=C(C3=CC=CC=C3)C(C4=CC=CC=C4)=C(C5=CC=CC=C5)C1C6=CC=CC=C6,C1(C2=CC=CC=C2)=C(C3=CC=CC=C3)C(C4=CC=CC=C4)=C(C5=CC=CC=C5)[C]1C6=CC=CC=C6,[H],78.0,,AOP,gas,C-H,00133,00152,00002
00158,C1=CC=CC=C1,C1=CC=C[C]=C1,[H],112.8,0.2,PEPICO,gas,C-H,00134,00153,00002
00159,C12=CC=CC=C1C2,C12=CC=CC=C1[CH]2,[H],91.1,7.5,GPA,gas,C-H,00135,00154,00002
00160,CC1=CC=CC=C1,[CH2]C1=CC=CC=C1,[H],89.7,1.2,PAC,gas,C-H,00136,00155,00002
00161,CC1=CC=CC=C1,CC1=CC=[C]C=C1,[H],113.5,,LFER,gas,C-H,00136,00156,00002
00162,C=C1C=CCC=C1,C=C1C=C[CH]C=C1,[H],64.0,3.0,Der.,gas,C-H,00137,00157,00002
00163,C12=CC=CC=C1C=C2,C12=CC=CC=C1[C]=C2,[H],114.0,4.0,GPA,gas,C-H,00138,00158,00002
00164,C=CC1=CC=CC=C1,C=[C]C1=CC=CC=C1,[H],98.4,,Der.,gas,C-H,00139,00159,00002
00165,C12=CC=CC=C1CC2,C12=CC=CC=C1[CH]C2,[H],92.0,4.0,GPA,gas,C-H,00140,00160,00002
00166,CCC1=CC=CC=C1,C[CH]C1=CC=CC=C1,[H],85.4,1.5,Rev.,gas,C-H,00141,00161,00002
00167,CC1=CC=CC=C1C,[CH2]C1=CC=CC=C1C,[H],89.5,,LFER,gas,C-H,00142,00162,00002
00168,CC1=CC=C(C)C=C1,CC1=CC=C([CH2])C=C1,[H],89.0,,LFER,gas,C-H,00143,00163,00002
00169,CC1=CC(C)=CC=C1,CC1=CC([CH2])=CC=C1,[H],89.5,,LFER,gas,C-H,00144,00164,00002
00170,FC1=CC=C(C)C=C1,FC1=CC=C([CH2])C=C1,[H],87.6,2.1,PES,gas,C-H,00145,00165,00002
00171,FC1=CC(C)=CC=C1,FC1=CC([CH2])=CC=C1,[H],88.8,2.1,PES,gas,C-H,00146,00166,00002
00172,N#CCC1=CC=CC=C1,N#C[CH]C1=CC=CC=C1,[H],81.5,,AOP,gas,C-H,00147,00167,00002
00173,CC1=CC(C#N)=CC=C1,[CH2]C1=CC(C#N)=CC=C1,[H],88.7,,LFER,gas,C-H,00148,00168,00002
00174,CC1=CC=C(C#N)C=C1,[CH2]C1=CC=C(C#N)C=C1,[H],88.0,,LFER,gas,C-H,00149,00169,00002
00175,C=CCC1=CC=CC=C1,C=C[CH]C1=CC=CC=C1,[H],84.4,,LFER,gas,C-H,00150,00170,00002
00176,C1(C2CC2)=CC=CC=C1,C1([C]2CC2)=CC=CC=C1,[H],92.1,3.8,Der.,gas,C-H,00151,00171,00002
00177,C/C=C/C1=CC=CC=C1,[CH2]/C=C/C1=CC=CC=C1,[H],78.9,2.6,MS,gas,C-H,00152,00172,00002
00178,C12=CC=CC=C1CCC2,C12=CC=CC=C1[CH]CC2,[H],85.3,,LFER,gas,C-H,00153,00173,00002
00179,CCCC1=CC=CC=C1,CC[CH]C1=CC=CC=C1,[H],87.5,,LFER,gas,C-H,00154,00174,00002
00180,CC1=CC=C(CC)C=C1,[CH2]C1=CC=C(CC)C=C1,[H],87.0,,LFER,gas,C-H,00155,00175,00002
00181,CC1=CC=C(C)C(C)=C1,CC1=CC=C([CH2])C(C)=C1,[H],89.1,,LFER,gas,C-H,00156,00176,00002
00182,CC(C)C1=CC=CC=C1,C[C](C)C1=CC=CC=C1,[H],83.2,2.0,PAC,gas,C-H,00157,00177,00002
00183,CC1=CC(C)=CC(C)=C1,CC1=CC(C)=CC([CH2])=C1,[H],89.4,,LFER,gas,C-H,00158,00178,00002
00184,CC1=CC=CC(C)=C1C,CC1=CC=CC([CH2])=C1C,[H],89.5,,LFER,gas,C-H,00159,00179,00002
00185,O=C(C1=CC=CC=C1)O,O=C(C1=CC=[C]C=C1)O,[H],113.8,,LFER,gas,C-H,00160,00180,00002
00186,O=C(C1=CC=CC=C1)O,O=C(C1=CC=C[C]=C1)O,[H],114.0,,LFER,gas,C-H,00160,00181,00002
00187,O=C(C1=CC=CC=C1)O,O=C(C1=CC=CC=[C]1)O,[H],114.5,,LFER,gas,C-H,00160,00182,00002
00188,CC1=CC(OC)=CC=C1,[CH2]C1=CC(OC)=CC=C1,[H],90.5,,LFER,gas,C-H,00161,00183,00002
00189,CC1=CC=C(OC)C=C1,[CH2]C1=CC=C(OC)C=C1,[H],86.6,,LFER,gas,C-H,00162,00184,00002
00190,O=[N+](C1=CC=CC=C1)[O-],O=[N+](C1=CC=[C]C=C1)[O-],[H],117.3,,LFER,gas,C-H,00163,00185,00002
00191,ClC1=CC=C(C)C=C1,ClC1=CC=C([CH2])C=C1,[H],87.5,2.1,PES,gas,C-H,00164,00186,00002
00192,ClC1=CC=CC(C)=C1,ClC1=CC=CC([CH2])=C1,[H],89.8,2.1,PES,gas,C-H,00165,00187,00002
00193,C12=CC=CC=C1C=CC=C2,C12=CC=CC=C1C=[C]C=C2,[H],111.9,1.4,MS,gas,C-H,00166,00188,00002
00194,C12=CC=CC=C1C=CC=C2,C12=CC=CC=C1[C]=CC=C2,[H],112.2,1.3,MS,gas,C-H,00166,00189,00002
00195,C12=CC=CC=C1C=CCC2,C12=CC=CC=C1C=C[CH]C2,[H],80.4,,LFER,gas,C-H,00167,00190,00002
00196,CC1=CCC2=C1C=CC=C2,CC1=C[CH]C2=C1C=CC=C2,[H],77.6,,AOP,gas,C-H,00168,00191,00002
00197,C1(CC=CC2)=C2C=CC=C1,C1(CC=C[CH]2)=C2C=CC=C1,[H],83.0,,Rev.,gas,C-H,00169,00192,00002
00198,C1(C2=CC=CC=C2)=CCC1,C1(C2=CC=CC=C2)=C[CH]C1,[H],85.6,2.6,MS,gas,C-H,00120,00193,00002
00199,C12=CC=CC=C1CCCC2,C12=CC=CC=C1[CH]CCC2,[H],85.5,1.3,PAC,gas,C-H,00170,00194,00002
00200,CC1=CC=C(CCC)C=C1,[CH2]C1=CC=C(CCC)C=C1,[H],87.0,,LFER,gas,C-H,00171,00195,00002
00201,CC(C)(C)C1=CC=CC=C1,[CH2]C(C)(C)C1=CC=CC=C1,[H],98.6,,LFER,gas,C-H,00172,00196,00002
00202,CC1=CC=CC=C1C(C)C,[CH2]C1=CC=CC=C1C(C)C,[H],87.6,,LFER,gas,C-H,00173,00197,00002
00203,CCC1=CC=C(CC)C=C1,CCC1=CC=C([CH]C)C=C1,[H],86.5,,LFER,gas,C-H,00174,00198,00002
00204,CC1=CC(C(C)C)=CC=C1,[CH2]C1=CC(C(C)C)=CC=C1,[H],86.8,,LFER,gas,C-H,00175,00199,00002
00205,CC1=CC=C(COC)C=C1,[CH2]C1=CC=C(COC)C=C1,[H],85.4,,LFER,gas,C-H,00176,00200,00002
00206,CC1=CC([N+]([O-])=O)=CC=C1,[CH2]C1=CC([N+]([O-])=O)=CC=C1,[H],89.6,,LFER,gas,C-H,00177,00201,00002
00207,CC1=CC=C([N+]([O-])=O)C=C1,[CH2]C1=CC=C([N+]([O-])=O)C=C1,[H],86.5,,AOP,gas,C-H,00178,00202,00002
00208,N#CC1=CCC2=CC=CC=C21,N#CC1=C[CH]C2=CC=CC=C21,[H],77.9,,AOP,gas,C-H,00179,00203,00002
00209,CC1=CC2=CC=CC=C2C=C1,[CH2]C1=CC2=CC=CC=C2C=C1,[H],85.6,,LFER,gas,C-H,00180,00204,00002
00210,CC1=CC=CC2=CC=CC=C21,[CH2]C1=CC=CC2=CC=CC=C21,[H],85.1,1.5,Rev.,gas,C-H,00181,00205,00002
00211,C=C1C=CCC2=C1C=CC=C2,C=C1C=C[CH]C2=C1C=CC=C2,[H],69.0,3.0,Der.,gas,C-H,00182,00206,00002
00212,COC1=CCC2=C1C=CC=C2,COC1=C[CH]C2=C1C=CC=C2,[H],76.4,,AOP,gas,C-H,00183,00207,00002
00213,C1(C=CC2)=C2C=CC=C1,C1(C=C[CH]2)=C2C=CC=C1,[H],83.0,,Rev.,gas,C-H,00184,00208,00002
00214,CC1CCCC2=C1C=CC=C2,C[C]1CCCC2=C1C=CC=C2,[H],80.4,,LFER,gas,C-H,00185,00209,00002
00215,COC(C#N)C1=CC=CC=C1,CO[C](C#N)C1=CC=CC=C1,[H],76.2,,AOP,gas,C-H,00186,00210,00002
00216,CC1=C(C(C)C)C(C)=CC=C1,CC1=C([C](C)C)C(C)=CC=C1,[H],86.7,,LFER,gas,C-H,00187,00211,00002
00217,CC1=CC=C(C(C)(C)C)C=C1,[CH2]C1=CC=C(C(C)(C)C)C=C1,[H],89.3,,LFER,gas,C-H,00188,00212,00002
00218,C1(C=C2)=CC=CC3=C1C2=CC=C3,C1(C=[C]2)=CC=CC3=C1C2=CC=C3,[H],117.0,4.0,GPA,gas,C-H,00189,00213,00002
00219,C1(CC2)=CC=CC3=C1C2=CC=C3,C1(C[CH]2)=CC=CC3=C1C2=CC=C3,[H],84.0,,LFER,gas,C-H,00190,00214,00002
00220,BrC1=CC=CC=C1,BrC1=CC=[C]C=C1,[H],115.5,,LFER,gas,C-H,00191,00215,00002
00221,CC1=CC(C=CC(C)=C2)=C2C=C1,CC1=CC(C=CC([CH2])=C2)=C2C=C1,[H],86.8,,LFER,gas,C-H,00192,00216,00002
00222,CCC1=CC2=C(C=C1)C=CC=C2,C[CH]C1=CC2=C(C=C1)C=CC=C2,[H],87.1,,LFER,gas,C-H,00193,00217,00002
00223,CCC1=CC=CC2=C1C=CC=C2,C[CH]C1=CC=CC2=C1C=CC=C2,[H],87.1,,LFER,gas,C-H,00194,00218,00002
00224,CC1=CC=CC2=C1C=CC=C2C,CC1=CC=CC2=C1C=CC=C2[CH2],[H],86.8,,LFER,gas,C-H,00195,00219,00002
00225,CC1=CC2=C(C=C1C)C=CC=C2,[CH2]C1=CC2=C(C=C1C)C=CC=C2,[H],86.8,,LFER,gas,C-H,00196,00220,00002
00226,C12C=CC=C(CC3)C1=C3CCC2,C12C=CC=C(C[CH]3)C1=C3CCC2,[H],78.8,,LFER,gas,C-H,00197,00221,00002
00227,C1(CCCC2CC3)=C2C3=CC=C1,C1(CCCC2[CH]C3)=C2C3=CC=C1,[H],75.8,,LFER,gas,C-H,00198,00222,00002
00228,O=C(C1=CCC2=C1C=CC=C2)N,O=C(C1=C[CH]C2=C1C=CC=C2)N,[H],77.7,,AOP,gas,C-H,00199,00223,00002
00229,ClC1=CC=C(C)C(Cl)=C1,ClC1=CC=C([CH2])C(Cl)=C1,[H],88.6,,LFER,gas,C-H,00200,00224,00002
00230,ClC1=C(Cl)C=C(C)C=C1,ClC1=C(Cl)C=C([CH2])C=C1,[H],88.3,,LFER,gas,C-H,00201,00225,00002
00231,CC(C1C)CCC2=C1C=CC=C2,CC([C]1C)CCC2=C1C=CC=C2,[H],80.5,,LFER,gas,C-H,00202,00226,00002
00232,CC1=C(C)C(C)=C(C)C(C)=C1C,CC1=C(C)C(C)=C([CH2])C(C)=C1C,[H],88.6,,LFER,gas,C-H,00203,00227,00002
00233,CCC1=CC=C(C(C)(C)C)C=C1,C[CH]C1=CC=C(C(C)(C)C)C=C1,[H],86.5,,LFER,gas,C-H,00204,00228,00002
00234,CC1=CC=C(C(OCC)=O)C=C1,[CH2]C1=CC=C(C(OCC)=O)C=C1,[H],89.4,,LFER,gas,C-H,00205,00229,00002
00235,CC1=CC=CC(C(OCC)=O)=C1,[CH2]C1=CC=CC(C(OCC)=O)=C1,[H],89.1,,LFER,gas,C-H,00206,00230,00002
00236,CCC1=CC=C(C(OC)=O)C=C1,C[CH]C1=CC=C(C(OC)=O)C=C1,[H],87.0,,LFER,gas,C-H,00207,00231,00002
00237,N#CCC1=CC=CC2=CC=CC=C21,N#C[CH]C1=CC=CC2=CC=CC=C21,[H],81.3,,AOP,gas,C-H,00208,00232,00002
00238,C12=CC=CC3=C1C(CC=C2)=CC=C3,C12=CC=CC3=C1C([CH]C=C2)=CC=C3,[H],74.0,,Rev.,gas,C-H,00209,00233,00002
00239,C12=CC=CC=C1CC3=C2C=CC=C3,C12=CC=CC=C1[CH]C3=C2C=CC=C3,[H],82.0,2.0,Rev.,gas,C-H,00210,00234,00002
00240,COC(OC)C1=CC=C(C)C=C1,COC(OC)C1=CC=C([CH2])C=C1,[H],84.2,,LFER,gas,C-H,00211,00235,00002
00241,N#CCC1=CC2=CC=CC=C2C=C1,N#C[CH]C1=CC2=CC=CC=C2C=C1,[H],81.4,,AOP,gas,C-H,00212,00236,00002
00242,CC1=CC2=CC=CC(CC3)=C2C3=C1,[CH2]C1=CC2=CC=CC(CC3)=C2C3=C1,[H],84.3,,LFER,gas,C-H,00213,00237,00002
00243,CC1CC2=C3C(C=CC=C31)=CC=C2,[CH2]C1CC2=C3C(C=CC=C31)=CC=C2,[H],84.3,,LFER,gas,C-H,00214,00238,00002
00244,C1(CC2=CC=CC=C2)=CC=CC=C1,C1([CH]C2=CC=CC=C2)=CC=CC=C1,[H],84.5,0.5,EC,gas,C-H,00215,00239,00002
00245,BrC1=CC=CC=C1C,BrC1=CC=CC=C1[CH2],[H],90.2,3.1,PES,gas,C-H,00216,00240,00002
00246,BrC1=CC=CC(C)=C1,BrC1=CC=CC([CH2])=C1,[H],90.1,3.1,PES,gas,C-H,00217,00241,00002
00247,BrC1=CC=C(C)C=C1,BrC1=CC=C([CH2])C=C1,[H],88.5,3.1,LFER,gas,C-H,00218,00242,00002
00248,CC(C1=CCC2=C1C=CC=C2)(C)C,CC(C1=C[CH]C2=C1C=CC=C2)(C)C,[H],78.5,,AOP,gas,C-H,00219,00243,00002
00249,C12=CC=CC=C1CC3C2CCCC3,C12=CC=CC=C1[CH]C3C2CCCC3,[H],79.3,,LFER,gas,C-H,00220,00244,00002
00250,O=C(C1=CCC2=C1C=CC=C2)OC,O=C(C1=C[CH]C2=C1C=CC=C2)OC,[H],77.6,,AOP,gas,C-H,00221,00245,00002
00251,O=C(C(C1)=CC2=C1C=CC=C2)OC,O=C(C([CH]1)=CC2=C1C=CC=C2)OC,[H],79.2,,AOP,gas,C-H,00222,00246,00002
00252,CC1=CC(C)=C(CCCC2C)C2=C1,CC1=CC(C)=C(CCC[C]2C)C2=C1,[H],80.9,,LFER,gas,C-H,00223,00247,00002
00253,CC1=CCC2=C1C=CC([N+]([O-])=O)=C2,CC1=C[CH]C2=C1C=CC([N+]([O-])=O)=C2,[H],78.4,,AOP,gas,C-H,00224,00248,00002
00254,CC(C)C1=CC=C(C(C)(C)C)C=C1,C[C](C)C1=CC=C(C(C)(C)C)C=C1,[H],83.5,,LFER,gas,C-H,00225,00249,00002
00255,C1(CC(C=CC=C2)=C2C3)=C3C=CC=C1,C1(CC(C=CC=C2)=C2[CH]3)=C3C=CC=C1,[H],76.3,,VLPP,gas,C-H,00226,00250,00002
00256,CC1C2=C(C=CC=C2)C3=CC=CC=C31,C[C]1C2=C(C=CC=C2)C3=CC=CC=C31,[H],78.5,,AOP,gas,C-H,00227,00251,00002
00257,C1(C(C=CC=C2)=C2CC3)=C3C=CC=C1,C1(C(C=CC=C2)=C2[CH]C3)=C3C=CC=C1,[H],81.6,,LFER,gas,C-H,00228,00252,00002
00258,CC(C1=CC=CC=C1)C2=CC=CC=C2,C[C](C1=CC=CC=C1)C2=CC=CC=C2,[H],82.8,,Rev.,gas,C-H,00229,00253,00002
00259,C1(CCC2=CC=CC=C2)=CC=CC=C1,C1([CH]CC2=CC=CC=C2)=CC=CC=C1,[H],87.0,,LFER,gas,C-H,00230,00254,00002
00260,BrC1=CC=C(CC)C=C1,BrC1=CC=C([CH]C)C=C1,[H],87.1,,LFER,gas,C-H,00231,00255,00002
00261,OC1=CC=C(CC2=CC=CC=C2)C=C1,OC1=CC=C([CH]C2=CC=CC=C2)C=C1,[H],89.3,1.0,PAC,gas,C-H,00232,00256,00002
00262,CC1=CC=C(OC2=CC=CC=C2)C=C1,[CH2]C1=CC=C(OC2=CC=CC=C2)C=C1,[H],90.2,,LFER,gas,C-H,00233,00257,00002
00263,C1(C(N2CCCC2)=CC3)=C3C=CC=C1,C1(C(N2CCCC2)=C[CH]3)=C3C=CC=C1,[H],70.3,,AOP,gas,C-H,00234,00258,00002
00264,C1(C=C(N2CCCC2)C3)=C3C=CC=C1,C1(C=C(N2CCCC2)[CH]3)=C3C=CC=C1,[H],83.5,,AOP,gas,C-H,00235,00259,00002
00265,C1(C2)=C(C(C2=CC=C3)=C3C=C4)C4=CC=C1,C1([CH]2)=C(C(C2=CC=C3)=C3C=C4)C4=CC=C1,[H],81.0,,AOP,gas,C-H,00236,00260,00002
00266,CC1=C(C(C)C)C(C)=CC(C(C)C)=C1,CC1=C([C](C)C)C(C)=CC(C(C)C)=C1,[H],87.9,,LFER,gas,C-H,00237,00261,00002
00267,N#CC1C2=C(C=CC=C2)C3=CC=CC=C31,N#C[C]1C2=C(C=CC=C2)C3=CC=CC=C31,[H],74.8,,AOP,gas,C-H,00238,00262,00002
00268,N#CC1=CC2=C(C=C1)C3=CC=CC=C3C2,N#CC1=CC2=C(C=C1)C3=CC=CC=C3[CH]2,[H],80.0,,AOP,gas,C-H,00239,00263,00002
00269,CC1=C2C(C=CC=C2)=CC3=CC=CC=C31,[CH2]C1=C2C(C=CC=C2)=CC3=CC=CC=C31,[H],84.1,0.5,EC,gas,C-H,00240,00264,00002
00270,CC1=CC2=C(C3=C1C=CC=C3)C=CC=C2,[CH2]C1=CC2=C(C3=C1C=CC=C3)C=CC=C2,[H],85.1,,VLPP,gas,C-H,00241,00265,00002
00271,C=C1C2=C(C=CC=C2)CC3=CC=CC=C31,C=C1C2=C(C=CC=C2)[CH]C3=CC=CC=C31,[H],77.0,3.0,Der.,gas,C-H,00242,00266,00002
00272,C1(C(C2=CC=CC=C2)=CC3)=C3C=CC=C1,C1(C(C2=CC=CC=C2)=C[CH]3)=C3C=CC=C1,[H],75.3,,AOP,gas,C-H,00243,00267,00002
00273,CCC1C2=C(C=CC=C2)C3=CC=CC=C31,CC[C]1C2=C(C=CC=C2)C3=CC=CC=C31,[H],76.2,,AOP,gas,C-H,00244,00268,00002
00274,COC1=CC2=C(C=C1)C3=CC=CC=C3C2,COC1=CC2=C(C=C1)C3=CC=CC=C3[CH]2,[H],80.0,,AOP,gas,C-H,00245,00269,00002
00275,COC1C2=C(C=CC=C2)C3=CC=CC=C31,CO[C]1C2=C(C=CC=C2)C3=CC=CC=C31,[H],73.0,,AOP,gas,C-H,00246,00270,00002
00276,C1(C=C(N2CCCCC2)C3)=C3C=CC=C1,C1(C=C(N2CCCCC2)[CH]3)=C3C=CC=C1,[H],82.5,,AOP,gas,C-H,00247,00271,00002
00277,C1(C(N2CCCCC2)=CC3)=C3C=CC=C1,C1(C(N2CCCCC2)=C[CH]3)=C3C=CC=C1,[H],72.3,,AOP,gas,C-H,00248,00272,00002
00278,OC1=CC=C(CC2=CC=C(O)C=C2)C=C1,OC1=CC=C([CH]C2=CC=C(O)C=C2)C=C1,[H],89.8,1.1,PAC,gas,C-H,00249,00273,00002
00279,C1(C(N2CCOCC2)=CC3)=C3C=CC=C1,C1(C(N2CCOCC2)=C[CH]3)=C3C=CC=C1,[H],73.4,,AOP,gas,C-H,00250,00274,00002
00280,C1(C=C(N2CCOCC2)C3)=C3C=CC=C1,C1(C=C(N2CCOCC2)[CH]3)=C3C=CC=C1,[H],82.8,,AOP,gas,C-H,00251,00275,00002
00281,C1(C=CC2=CCC3)=CC=CC4=C1C2=C3C=C4,C1(C=CC2=C[CH]C3)=CC=CC4=C1C2=C3C=C4,[H],81.6,,LFER,gas,C-H,00252,00276,00002
00282,C12=CC=C3C4=C1C(CCC2)=CC=C4CC=C3,C12=CC=C3C4=C1C(CCC2)=CC=C4[CH]C=C3,[H],81.6,,LFER,gas,C-H,00253,00277,00002
00283,CC(C=C1)=CC=C1C(C2)=CC3=C2C=CC=C3,CC(C=C1)=CC=C1C([CH]2)=CC3=C2C=CC=C3,[H],79.1,,AOP,gas,C-H,00254,00278,00002
00284,CC1=C(C=CC=C2)C2=C(C)C3=C1C=CC=C3,CC1=C(C=CC=C2)C2=C([CH2])C3=C1C=CC=C3,[H],78.1,,LFER,gas,C-H,00255,00279,00002
00285,CC1C2=C(C=CC=C2)C(C)C3=C1C=CC=C3,C[C]1C2=C(C=CC=C2)C(C)C3=C1C=CC=C3,[H],78.1,,LFER,gas,C-H,00256,00280,00002
00286,CCCC1C2=C(C=CC=C2)C3=C1C=CC=C3,CCC[C]1C2=C(C=CC=C2)C3=C1C=CC=C3,[H],76.1,,AOP,gas,C-H,00257,00281,00002
00287,CN(C)C1=CC(C2)=C(C=C1)C3=C2C=CC=C3,CN(C)C1=CC([CH]2)=C(C=C1)C3=C2C=CC=C3,[H],80.0,,AOP,gas,C-H,00258,00282,00002
00288,CN(C)C1C2=C(C=CC=C2)C3=C1C=CC=C3,CN(C)[C]1C2=C(C=CC=C2)C3=C1C=CC=C3,[H],71.5,,AOP,gas,C-H,00259,00283,00002
00289,CCOC1C2=C(C=CC=C2)C3=C1C=CC=C3,CCO[C]1C2=C(C=CC=C2)C3=C1C=CC=C3,[H],72.9,,AOP,gas,C-H,00260,00284,00002
00290,O=[N+](C1=CC(C2)=C(C=C1)C3=C2C=CC=C3)[O-],O=[N+](C1=CC([CH]2)=C(C=C1)C3=C2C=CC=C3)[O-],[H],81.0,,AOP,gas,C-H,00261,00285,00002
00291,CSC1C2=C(C=CC=C2)C3=C1C=CC=C3,CS[C]1C2=C(C=CC=C2)C3=C1C=CC=C3,[H],74.6,,AOP,gas,C-H,00262,00286,00002
00292,C1(C(C=C(C=CC=C2)C2=C3)=C3C4)=C4C=CC=C1,C1(C(C=C(C=CC=C2)C2=C3)=C3[CH]4)=C4C=CC=C1,[H],78.4,,AOP,gas,C-H,00263,00287,00002
00293,C1(C(C=CC2=C3C=CC=C2)=C3C4)=C4C=CC=C1,C1(C(C=CC2=C3C=CC=C2)=C3[CH]4)=C4C=CC=C1,[H],78.7,,AOP,gas,C-H,00264,00288,00002
00294,C12=CC=CC3=C1C(CC4=C2C=CC=C4)=CC=C3,C12=CC=CC3=C1C([CH]C4=C2C=CC=C4)=CC=C3,[H],76.0,,Rev.,gas,C-H,00265,00289,00002
00295,N#CCC1=C2C(C=CC=C2)=CC3=CC=CC=C31,N#C[CH]C1=C2C(C=CC=C2)=CC3=CC=CC=C31,[H],78.7,,AOP,gas,C-H,00266,00290,00002
00296,CC1=C2C(C=CC=C2)=C(C#N)C3=CC=CC=C31,[CH2]C1=C2C(C=CC=C2)=C(C#N)C3=CC=CC=C31,[H],80.0,,AOP,gas,C-H,00267,00291,00002
00297,CC1=C2C(C=CC=C2)=C(C=O)C3=CC=CC=C31,[CH2]C1=C2C(C=CC=C2)=C(C=O)C3=CC=CC=C31,[H],80.4,,AOP,gas,C-H,00268,00292,00002
00298,CC1=C2C(C=CC=C2)=C(OC)C3=CC=CC=C31,[CH2]C1=C2C(C=CC=C2)=C(OC)C3=CC=CC=C31,[H],81.4,,AOP,gas,C-H,00269,00293,00002
00299,COC(C=C1)=CC=C1C(C2)=CC3=C2C=CC=C3,COC(C=C1)=CC=C1C([CH]2)=CC3=C2C=CC=C3,[H],79.3,,AOP,gas,C-H,00270,00294,00002
00300,COCC1=C2C(C=CC=C2)=CC3=C1C=CC=C3,CO[CH]C1=C2C(C=CC=C2)=CC3=C1C=CC=C3,[H],77.4,,AOP,gas,C-H,00271,00295,00002
00301,CC(C1C2=C(C=CC=C2)C3=C1C=CC=C3)(C)C,CC([C]1C2=C(C=CC=C2)C3=C1C=CC=C3)(C)C,[H],79.9,,AOP,gas,C-H,00272,00296,00002
00302,C1(C=C(C2=CC=CC=C2)C3)=C3C=CC=C1,C1(C=C(C2=CC=CC=C2)[CH]3)=C3C=CC=C1,[H],79.3,,AOP,gas,C-H,00273,00297,00002
00303,BrC(C1)=CC2=C1C=CC=C2,BrC([CH]1)=CC2=C1C=CC=C2,[H],80.9,,AOP,gas,C-H,00274,00298,00002
00304,CC(OC1C2=C(C=CC=C2)C3=C1C=CC=C3)C,CC(O[C]1C2=C(C=CC=C2)C3=C1C=CC=C3)C,[H],72.7,,AOP,gas,C-H,00275,00299,00002
00305,CC1=C2C(C=CC=C2)=C(Cl)C3=C1C=CC=C3,[CH2]C1=C2C(C=CC=C2)=C(Cl)C3=C1C=CC=C3,[H],80.8,,AOP,gas,C-H,00276,00300,00002
00306,CCSC1C2=C(C=CC=C2)C3=C1C=CC=C3,CCS[C]1C2=C(C=CC=C2)C3=C1C=CC=C3,[H],74.3,,AOP,gas,C-H,00277,00301,00002
00307,CC1=CC=C(S(=O)(C2=CC=CC=C2)=O)C=C1,[CH2]C1=CC=C(S(=O)(C2=CC=CC=C2)=O)C=C1,[H],88.0,,AOP,gas,C-H,00278,00302,00002
00308,C1(C(C=CC=C2)=C2C3N4CCCC4)=C3C=CC=C1,C1(C(C=CC=C2)=C2[C]3N4CCCC4)=C3C=CC=C1,[H],68.0,,AOP,gas,C-H,00279,00303,00002
00309,CC(CC1C2=C(C=CC=C2)C3=C1C=CC=C3)(C)C,CC(C[C]1C2=C(C=CC=C2)C3=C1C=CC=C3)(C)C,[H],73.6,,AOP,gas,C-H,00280,00304,00002
00310,CC1=C2C(CC(C(C)=CC=C3C)=C3C2)=C(C)C=C1,CC1=C2C(CC(C(C)=CC=C3C)=C3[CH]2)=C(C)C=C1,[H],83.3,,Rev.,gas,C-H,00281,00305,00002
00311,O=[N+](CC1=C2C(C=CC=C2)=CC3=C1C=CC=C3)[O-],O=[N+]([CH]C1=C2C(C=CC=C2)=CC3=C1C=CC=C3)[O-],[H],86.1,,AOP,gas,C-H,00282,00306,00002
00312,CC1=C2C(C=CC=C2)=C([N+]([O-])=O)C3=C1C=CC=C3,[CH2]C1=C2C(C=CC=C2)=C([N+]([O-])=O)C3=C1C=CC=C3,[H],82.6,,AOP,gas,C-H,00283,00307,00002
00313,C[Si](C1C2=C(C=CC=C2)C3=C1C=CC=C3)(C)C,C[Si]([C]1C2=C(C=CC=C2)C3=C1C=CC=C3)(C)C,[H],82.5,,AOP,gas,C-H,00284,00308,00002
00314,CC(OC1C2=C(C=CC=C2)C3=C1C=CC=C3)(C)C,CC(O[C]1C2=C(C=CC=C2)C3=C1C=CC=C3)(C)C,[H],74.0,,AOP,gas,C-H,00285,00309,00002
00315,CC(C1C2=C(C=CC=C2)C3=C1C=CC=C3)C,CC([C]1C2=C(C=CC=C2)C3=C1C=CC=C3)C,[H],77.3,,AOP,gas,C-H,00286,00310,00002
00316,CC(SC1C2=C(C=CC=C2)C3=C1C=CC=C3)C,CC(S[C]1C2=C(C=CC=C2)C3=C1C=CC=C3)C,[H],74.3,,AOP,gas,C-H,00287,00311,00002
00317,CC1=CC2=C(C3=C1C=CC=C3)C=CC4=C2C=CC=C4,[CH2]C1=CC2=C(C3=C1C=CC=C3)C=CC4=CC=CC=C42,[H],85.7,,LFER,gas,C-H,00288,00312,00002
00318,CC1=CC=CC2=C1C3=CC4=CC=CC=C4C=C3C=C2,[CH2]C1=CC=CC2=C1C3=CC4=CC=CC=C4C=C3C=C2,[H],88.6,,LFER,gas,C-H,00289,00313,00002
00319,C1(C(C=CC=C2)=C2C3C4=CC=CC=C4)=C3C=CC=C1,C1(C(C=CC=C2)=C2[C]3C4=CC=CC=C4)=C3C=CC=C1,[H],74.0,,AOP,gas,C-H,00290,00314,00002
00320,O=S(C1C2=C(C=CC=C2)C3=C1C=CC=C3)(C)=O,O=S([C]1C2=C(C=CC=C2)C3=C1C=CC=C3)(C)=O,[H],82.1,,AOP,gas,C-H,00291,00315,00002
00321,[H]C(C1=CC=CC=C1)(C2=CC=CC=C2)C3=CC=CC=C3,[C](C1=CC=CC=C1)(C2=CC=CC=C2)C3=CC=CC=C3,[H],81.0,2.0,AOP,gas,C-H,00292,00316,00002
00322,CC(C)C1=C(C(C)C)C=C(C(C)C)C=C1C(C)C,C[C](C)C1=C(C(C)C)C=C(C(C)C)C=C1C(C)C,[H],89.7,,LFER,gas,C-H,00293,00317,00002
00323,CCC1=C(CC)C(CC)=C(CC)C(CC)=C1CC,C[CH]C1=C(CC)C(CC)=C(CC)C(CC)=C1CC,[H],90.8,,LFER,gas,C-H,00294,00318,00002
00324,COC(C#N)C1=C2C(C=CC=C2)=CC3=C1C=CC=C3,CO[C](C#N)C1=C2C(C=CC=C2)=CC3=C1C=CC=C3,[H],78.0,,AOP,gas,C-H,00295,00319,00002
00325,N#CC1=C(C=CC=C2)C2=C(COC)C3=C1C=CC=C3,N#CC1=C(C=CC=C2)C2=C([CH]OC)C3=C1C=CC=C3,[H],73.7,,AOP,gas,C-H,00296,00320,00002
00326,C1(C(C=CC=C2)=C2C3N4CCCCC4)=C3C=CC=C1,C1(C(C=CC=C2)=C2[C]3N4CCCCC4)=C3C=CC=C1,[H],72.0,,AOP,gas,C-H,00297,00321,00002
00327,CC1CC(C)N1C2C3=C(C=CC=C3)C4=C2C=CC=C4,CC1CC(C)N1[C]2C3=C(C=CC=C3)C4=C2C=CC=C4,[H],72.0,,AOP,gas,C-H,00298,00322,00002
00328,C[Si](CC1C2=C(C=CC(S(=O)(C3=CC=CC=C3)=O)=C2)C4=C1C=CC=C4)(C)C,C[Si](C[C]1C2=C(C=CC(S(=O)(C3=CC=CC=C3)=O)=C2)C4=C1C=CC=C4)(C)C,[H],76.3,,AOP,gas,C-H,00299,00323,00002
00329,CCC(C1C2=C(C=CC=C2)C3=C1C=CC=C3)C,CCC([C]1C2=C(C=CC=C2)C3=C1C=CC=C3)C,[H],75.1,,AOP,gas,C-H,00300,00324,00002
00330,CC(SC1C2=C(C=CC=C2)C3=C1C=CC=C3)(C)C,CC(S[C]1C2=C(C=CC=C2)C3=C1C=CC=C3)(C)C,[H],74.8,,AOP,gas,C-H,00301,00325,00002
00331,C1(C(SC2=CC=CC=C2)=CC3)=C3C=CC=C1,C1(C(SC2=CC=CC=C2)=C[CH]3)=C3C=CC=C1,[H],80.2,,AOP,gas,C-H,00302,00326,00002
00332,C1(C(C2=CC=CC=C2)C(C=CC=C3)=C3C4)=C4C=CC=C1,C1(C(C2=CC=CC=C2)C(C=CC=C3)=C3[CH]4)=C4C=CC=C1,[H],84.5,,Rev.,gas,C-H,00303,00327,00002
00333,C1(C(C=CC=C2)=C2C3CC4=CC=CC=C4)=C3C=CC=C1,C1(C(C=CC=C2)=C2[C]3CC4=CC=CC=C4)=C3C=CC=C1,[H],75.9,,AOP,gas,C-H,00304,00328,00002
00334,O=S(C1C2=C(C=CC=C2)C3=C1C=CC=C3)(CC)=O,O=S([C]1C2=C(C=CC=C2)C3=C1C=CC=C3)(CC)=O,[H],81.4,,AOP,gas,C-H,00305,00329,00002
00335,C1(C(C=CC=C2)=C2C3OC4=CC=CC=C4)=C3C=CC=C1,C1(C(C=CC=C2)=C2[C]3OC4=CC=CC=C4)=C3C=CC=C1,[H],74.3,,AOP,gas,C-H,00306,00330,00002
00336,CC1=CC=C(C(C2=CC=CC=C2)C3=CC=CC=C3)C=C1,CC1=CC=C([C](C2=CC=CC=C2)C3=CC=CC=C3)C=C1,[H],79.1,,AOP,gas,C-H,00307,00331,00002
00337,CC(N(C(C)C)C1C2=C(C=CC=C2)C3=C1C=CC=C3)C,CC(N(C(C)C)[C]1C2=C(C=CC=C2)C3=C1C=CC=C3)C,[H],73.0,,AOP,gas,C-H,00308,00332,00002
00338,CC1=C2C(C=CC=C2)=C(C3=CC=CC=C3)C4=C1C=CC=C4,[CH2]C1=C2C(C=CC=C2)=C(C3=CC=CC=C3)C4=C1C=CC=C4,[H],81.8,,AOP,gas,C-H,00309,00333,00002
00339,CN(C1=CC=CC=C1)C2C3=C(C=CC=C3)C4=C2C=CC=C4,CN(C1=CC=CC=C1)[C]2C3=C(C=CC=C3)C4=C2C=CC=C4,[H],72.5,,AOP,gas,C-H,00310,00334,00002
00340,O=S(C1C2=C(C=CC=C2)C3=C1C=CC=C3)(C(C)C)=O,O=S([C]1C2=C(C=CC=C2)C3=C1C=CC=C3)(C(C)C)=O,[H],81.1,,AOP,gas,C-H,00311,00335,00002
00341,CC1=CC=C(C(C2=CC=CC=C2)C3=CC=C(C)C=C3)C=C1,CC1=CC=C([C](C2=CC=CC=C2)C3=CC=C(C)C=C3)C=C1,[H],80.0,,AOP,gas,C-H,00312,00336,00002
00342,C1(C(C=CC=C2)=C2C3SC4=CC=CC=C4)=C3C=CC=C1,C1(C(C=CC=C2)=C2[C]3SC4=CC=CC=C4)=C3C=CC=C1,[H],74.8,,AOP,gas,C-H,00313,00337,00002
00343,COC1=CC=C(C(C2=CC=CC=C2)C3=CC=CC=C3)C=C1,COC1=CC=C([C](C2=CC=CC=C2)C3=CC=CC=C3)C=C1,[H],80.7,,AOP,gas,C-H,00314,00338,00002
00344,COC1=CC=CC(C(C2=CC=CC=C2)C3=CC=CC=C3)=C1,COC1=CC=CC([C](C2=CC=CC=C2)C3=CC=CC=C3)=C1,[H],80.0,,AOP,gas,C-H,00315,00339,00002
00345,CC(CC1(C)C)(C)N1C2C3=C(C=CC=C3)C4=C2C=CC=C4,CC(CC1(C)C)(C)N1[C]2C3=C(C=CC=C3)C4=C2C=CC=C4,[H],71.0,,AOP,gas,C-H,00316,00340,00002
00346,CC(CCCC1C)N1C2C3=C(C=CC=C3)C4=C2C=CC=C4,CC(CCCC1C)N1[C]2C3=C(C=CC=C3)C4=C2C=CC=C4,[H],72.0,,AOP,gas,C-H,00317,00341,00002
00347,CC[Si](C1C2=C(C=CC=C2)C3=C1C=CC=C3)(CC)CC,CC[Si]([C]1C2=C(C=CC=C2)C3=C1C=CC=C3)(CC)CC,[H],81.2,,AOP,gas,C-H,00318,00342,00002
00348,O=S(CC1=CC2=CC=CC=C2C=C1)(C3=CC=CC=C3)=O,O=S([CH]C1=CC2=CC=CC=C2C=C1)(C3=CC=CC=C3)=O,[H],89.0,,AOP,gas,C-H,00319,00343,00002
00349,C1(C=C(C=CC=C2)C2=C3COC4=CC=CC=C4)=C3C=CC=C1,C1(C=C(C=CC=C2)C2=C3[CH]OC4=CC=CC=C4)=C3C=CC=C1,[H],79.9,,AOP,gas,C-H,00320,00344,00002
00350,CN(CC1=CC=CC=C1)C2C3=C(C=CC=C3)C4=C2C=CC=C4,CN(CC1=CC=CC=C1)[C]2C3=C(C=CC=C3)C4=C2C=CC=C4,[H],72.5,,AOP,gas,C-H,00321,00345,00002
00351,CC1=CC=C(C(C2=CC=C(C)C=C2)C3=CC=C(C)C=C3)C=C1,CC1=CC=C([C](C2=CC=C(C)C=C2)C3=CC=C(C)C=C3)C=C1,[H],80.0,,AOP,gas,C-H,00322,00346,00002
00352,CN(C1=CC=C(C(C2=CC=CC=C2)C3=CC=CC=C3)C=C1)C,CN(C1=CC=C([C](C2=CC=CC=C2)C3=CC=CC=C3)C=C1)C,[H],80.0,,AOP,gas,C-H,00323,00347,00002
00353,O=C(CC1=C2C(C=CC=C2)=CC3=C1C=CC=C3)C4=CC=CC=C4,O=C([CH]C1=C2C(C=CC=C2)=CC3=C1C=CC=C3)C4=CC=CC=C4,[H],84.2,,AOP,gas,C-H,00324,00348,00002
00354,CC1=C2C(C=CC=C2)=C(C(C3=CC=CC=C3)=O)C4=C1C=CC=C4,[CH2]C1=C2C(C=CC=C2)=C(C(C3=CC=CC=C3)=O)C4=C1C=CC=C4,[H],82.3,,AOP,gas,C-H,00325,00349,00002
00355,CC(C)(C1=CC=CC=C1)C2C3=C(C=CC=C3)C4=C2C=CC=C4,CC(C)(C1=CC=CC=C1)[C]2C3=C(C=CC=C3)C4=C2C=CC=C4,[H],73.8,,AOP,gas,C-H,00326,00350,00002
00356,CC1=C2C(C=CC=C2)=C(SC3=CC=CC=C3)C4=C1C=CC=C4,[CH2]C1=C2C(C=CC=C2)=C(SC3=CC=CC=C3)C4=C1C=CC=C4,[H],80.8,,AOP,gas,C-H,00327,00351,00002
00357,C1(C=C(C=CC=C2)C2=C3CSC4=CC=CC=C4)=C3C=CC=C1,C1(C=C(C=CC=C2)C2=C3[CH]SC4=CC=CC=C4)=C3C=CC=C1,[H],81.0,,AOP,gas,C-H,00328,00352,00002
00358,COC1=CC=C(C(C2=CC=CC=C2)C3=CC=C(OC)C=C3)C=C1,COC1=CC=C([C](C2=CC=CC=C2)C3=CC=C(OC)C=C3)C=C1,[H],79.3,,AOP,gas,C-H,00329,00353,00002
00359,CC(CCCC1(C)C)(C)N1C2C3=C(C=CC=C3)C4=C2C=CC=C4,CC(CCCC1(C)C)(C)N1[C]2C3=C(C=CC=C3)C4=C2C=CC=C4,[H],71.0,,AOP,gas,C-H,00330,00354,00002
00360,O=S(C1C2=C(C=CC=C2)C3=C1C=CC=C3)(C4=CC=CC=C4)=O,O=S([C]1C2=C(C=CC=C2)C3=C1C=CC=C3)(C4=CC=CC=C4)=O,[H],81.9,,AOP,gas,C-H,00331,00355,00002
00361,C1(C2=CC=CC=C2)=CC=C(CC3=CC=C(C4=CC=CC=C4)C=C3)C=C1,C1(C2=CC=CC=C2)=CC=C([CH]C3=CC=C(C4=CC=CC=C4)C=C3)C=C1,[H],80.0,,AOP,gas,C-H,00332,00356,00002
00362,FC1=C(F)C(C2C3=C(C=CC=C3)C4=C2C=CC=C4)=C(F)C(F)=C1F,FC1=C(F)C([C]2C3=C(C=CC=C3)C4=C2C=CC=C4)=C(F)C(F)=C1F,[H],78.2,,AOP,gas,C-H,00333,00357,00002
00363,O=S(CC1=C2C(C=CC=C2)=CC3=C1C=CC=C3)(C4=CC=CC=C4)=O,O=S([CH]C1=C2C(C=CC=C2)=CC3=C1C=CC=C3)(C4=CC=CC=C4)=O,[H],84.7,,AOP,gas,C-H,00334,00358,00002
00364,C12=CC=CC=C1CC3=C(C=CC=C3)C2(C4=CC=CC=C4)C5=CC=CC=C5,C12=CC=CC=C1[CH]C3=C(C=CC=C3)C2(C4=CC=CC=C4)C5=CC=CC=C5,[H],84.9,,Rev.,gas,C-H,00335,00359,00002
00365,COC(C=C1)=CC=C1C(C2=CC=C(OC)C=C2)C3=CC=C(OC)C=C3,COC(C=C1)=CC=C1[C](C2=CC=C(OC)C=C2)C3=CC=C(OC)C=C3,[H],78.1,,AOP,gas,C-H,00336,00360,00002
00366,C1(C(C2=CC=CC=C2)=C(C3=CC=CC=C3)C4C5=CC=CC=C5)=C4C=CC=C1,C1(C(C2=CC=CC=C2)=C(C3=CC=CC=C3)[C]4C5=CC=CC=C5)=C4C=CC=C1,[H],75.8,,AOP,gas,C-H,00337,00361,00002
00367,C(/C1=CC=CC=C1)(C2=CC=CC=C2)=C\C(C3=CC=CC=C3)C4=CC=CC=C4,C(/C1=CC=CC=C1)(C2=CC=CC=C2)=C\[C](C3=CC=CC=C3)C4=CC=CC=C4,[H],77.0,,AOP,gas,C-H,00338,00362,00002
00368,BrC1=CC(C2C(OC)=O)=C(C=C1)C3=C2C=C(Br)C=C3,BrC1=CC([C]2C(OC)=O)=C(C=C1)C3=C2C=C(Br)C=C3,[H],76.5,,AOP,gas,C-H,00339,00363,00002
00369,BrC(C=C1)=CC=C1S(C2C3=C(C=CC=C3)C4=CC=CC=C42)(=O)=O,BrC(C=C1)=CC=C1S([C]2C3=C(C=CC=C3)C4=CC=CC=C42)(=O)=O,[H],82.0,,AOP,gas,C-H,00340,00364,00002
00370,C12=CC=CC=C1C(C(C3=CC=CC=C3)(C4=CC=CC=C4)C5=CC=CC=C5)C6=C2C=CC=C6,C12=CC=CC=C1[C](C(C3=CC=CC=C3)(C4=CC=CC=C4)C5=CC=CC=C5)C6=C2C=CC=C6,[H],77.2,,AOP,gas,C-H,00341,00365,00002
00371,CC(C1=CC=C(C(C2=CC=C(C(C)(C)C)C=C2)C3=CC=C(C(C)(C)C)C=C3)C=C1)(C)C,CC(C1=CC=C([C](C2=CC=C(C(C)(C)C)C=C2)C3=CC=C(C(C)(C)C)C=C3)C=C1)(C)C,[H],74.4,,AOP,gas,C-H,00342,00366,00002
00372,C12=CC=CC=C1C([Si](C3=CC=CC=C3)(C4=CC=CC=C4)C5=CC=CC=C5)C6=C2C=CC=C6,C12=CC=CC=C1[C]([Si](C3=CC=CC=C3)(C4=CC=CC=C4)C5=CC=CC=C5)C6=C2C=CC=C6,[H],80.6,,AOP,gas,C-H,00343,00367,00002
00373,C(/C1=CC=CC=C1)(C2=CC=CC=C2)=C\C(C3=CC=CC=C3)/C=C(C4=CC=CC=C4)/C5=CC=CC=C5,C(/C1=CC=CC=C1)(C2=CC=CC=C2)=C\[C](C3=CC=CC=C3)/C=C(C4=CC=CC=C4)/C5=CC=CC=C5,[H],75.1,,AOP,gas,C-H,00344,00368,00002
00374,FC1=C(F)C=C(F)C(F)=C1C(C2=C(F)C(F)=CC(F)=C2F)C3=C(F)C(F)=CC(F)=C3F,FC1=C(F)C=C(F)C(F)=C1[C](C2=C(F)C(F)=CC(F)=C2F)C3=C(F)C(F)=CC(F)=C3F,[H],82.3,,AOP,gas,C-H,00345,00369,00002
00375,CF,[CH2]F,[H],101.3,1.0,KM,gas,C-H,00346,00370,00002
00376,FCC,F[CH]C,[H],98.2,2.0,PD,gas,C-H,00347,00371,00002
00377,CCF,FC[CH2],[H],103.6,2.0,Rev.,gas,C-H,00347,00372,00002
00378,CCl,[CH2]Cl,[H],100.1,0.6,PIMS,gas,C-H,00348,00373,00002
00379,FCF,F[CH]F,[H],103.2,1.0,KM,gas,C-H,00349,00374,00002
00380,C=CCF,C=C[CH]F,[H],88.6,1.1,VLPP,gas,C-H,00350,00375,00002
00381,C=CCl,C=[C]Cl,[H],116.0,1.2,PD,gas,C-H,00351,00376,00002
00382,ClCC,ClC[CH2],[H],101.1,0.6,PIMS,gas,C-H,00352,00377,00002
00383,ClCC,Cl[CH]C,[H],97.2,0.4,PIMS,gas,C-H,00352,00378,00002
00384,C=C(F)F,[CH]=C(F)F,[H],110.0,2.0,LFER,gas,C-H,00353,00379,00002
00385,F/C=C/F,F/C=[C]/F,[H],110.0,2.0,LFER,gas,C-H,00354,00380,00002
00386,FCCF,FC[CH]F,[H],98.8,3.0,PD,gas,C-H,00355,00381,00002
00387,FC(C)F,FC([CH2])F,[H],103.5,3.5,Rev.,gas,C-H,00356,00382,00002
00388,CC(F)F,C[C](F)F,[H],99.5,1.0,KM,gas,C-H,00356,00383,00002
00389,ClCF,Cl[CH]F,[H],100.8,2.4,KM,gas,C-H,00357,00384,00002
00390,FC(F)F,F[C](F)F,[H],106.4,0.7,Der.,gas,C-H,00358,00385,00002
00391,C=CCCl,C=C[CH]Cl,[H],88.6,1.1,VLPP,gas,C-H,00359,00386,00002
00392,CCCCl,C[CH]CCl,[H],97.8,0.9,Der.,gas,C-H,00360,00387,00002
00393,CCCCl,CC[CH]Cl,[H],97.3,0.8,Der.,gas,C-H,00360,00388,00002
00394,F/C(F)=C\F,F/C(F)=[C]\F,[H],111.0,2.0,LFER,gas,C-H,00361,00389,00002
00395,ClCCl,Cl[CH]Cl,[H],95.7,0.5,PEPICO,gas,C-H,00362,00390,00002
00396,FC(CF)F,FC([CH]F)F,[H],102.0,3.5,Rev.,gas,C-H,00363,00391,00002
00397,FC(CF)F,F[C](CF)F,[H],103.5,3.5,Rev.,gas,C-H,00363,00392,00002
00398,CC(F)(F)F,[CH2]C(F)(F)F,[H],106.7,1.1,KM,gas,C-H,00364,00393,00002
00399,ClC(F)F,Cl[C](F)F,[H],100.7,2.0,PD,gas,C-H,00365,00394,00002
00400,CBr,[CH2]Br,[H],102.1,0.6,PIMS,gas,C-H,00366,00395,00002
00401,Cl/C=C/Cl,Cl/[C]=C/Cl,[H],107.0,2.0,LFER,gas,C-H,00367,00396,00002
00402,CC(Cl)Cl,C[C](Cl)Cl,[H],95.1,1.2,KM,gas,C-H,00368,00397,00002
00403,F/C(F)=C/Cl,F/C(F)=[C]/Cl,[H],109.0,2.0,LFER,gas,C-H,00369,00398,00002
00404,ClC(F)(C)F,ClC(F)([CH2])F,[H],104.9,1.8,Rev.,gas,C-H,00370,00399,00002
00405,ClC(F)Cl,Cl[C](F)Cl,[H],98.2,2.0,PD,gas,C-H,00371,00400,00002
00406,FC(C(F)F)F,FC([C](F)F)F,[H],107.1,5.1,Rev.,gas,C-H,00372,00401,00002
00407,CCBr,C[CH]Br,[H],99.2,0.6,KM,gas,C-H,00373,00402,00002
00408,CCBr,[CH2]CBr,[H],99.2,2.0,EI,gas,C-H,00373,00403,00002
00409,F/C(Cl)=C/Cl,F/C(Cl)=[C]/Cl,[H],108.0,2.0,LFER,gas,C-H,00374,00404,00002
00410,ClC(Cl)Cl,Cl[C](Cl)Cl,[H],93.8,0.6,PIMS,gas,C-H,00375,00405,00002
00411,FCC(F)(F)Cl,F[CH]C(F)(F)Cl,[H],98.5,0.5,Pyrolysis,gas,C-H,00376,00406,00002
00412,FC(F)(CCl)F,FC(F)([CH]Cl)F,[H],101.8,1.5,Rev.,gas,C-H,00377,00407,00002
00413,C=CCBr,C=C[CH]Br,[H],89.4,1.1,VLPP,gas,C-H,00378,00408,00002
00414,FC(F)(C(F)F)F,FC(F)([C](F)F)F,[H],102.7,0.5,PD,gas,C-H,00379,00409,00002
00415,ClCC1=CC=CC=C1,Cl[CH]C1=CC=CC=C1,[H],84.2,,Est.,gas,C-H,00380,00410,00002
00416,ClCBr,Cl[CH]Br,[H],97.0,0.6,PIMS,gas,C-H,00381,00411,00002
00417,FC(F)Br,F[C](F)Br,[H],99.3,3.0,Der.,gas,C-H,00382,00412,00002
00418,CI,[CH2]I,[H],103.2,0.7,KM,gas,C-H,00383,00413,00002
00419,ClC(F)Br,Cl[C](F)Br,[H],98.6,5.0,Der.,gas,C-H,00384,00414,00002
00420,FC1=C(F)C(F)=C(F)C=C1,FC1=C(F)C(F)=C(F)[C]=C1,[H],115.0,2.6,MS,gas,C-H,00385,00415,00002
00421,ClC(Cl)Br,Cl[C](Cl)Br,[H],92.5,5.0,Der.,gas,C-H,00386,00416,00002
00422,ClC(C(Cl)Cl)Cl,ClC([C](Cl)Cl)Cl,[H],94.0,2.0,Pyrolysis,gas,C-H,00387,00417,00002
00423,FC1=C(F)C(F)=C(F)C=C1F,FC1=C(F)C(F)=C(F)[C]=C1F,[H],116.5,,Pyrolysis,gas,C-H,00388,00418,00002
00424,FC(C(F)(F)F)C(F)(F)F,F[C](C(F)(F)F)C(F)(F)F,[H],103.6,0.6,KM,gas,C-H,00389,00419,00002
00425,FC(C(F)F)(F)C(F)(F)F,FC([C](F)F)(F)C(F)(F)F,[H],103.3,,KM,gas,C-H,00390,00420,00002
00426,BrCBr,Br[CH]Br,[H],98.6,0.6,KM,gas,C-H,00391,00421,00002
00427,BrC(Cl)C(F)(F)F,Br[C](Cl)C(F)(F)F,[H],96.6,1.5,Rev.,gas,C-H,00392,00422,00002
00428,BrC(C)Br,Br[C](C)Br,[H],94.9,1.2,KM,gas,C-H,00393,00423,00002
00429,ClC(Cl)(C(Cl)Cl)Cl,ClC(Cl)([C](Cl)Cl)Cl,[H],95.0,2.0,Pyrolysis,gas,C-H,00394,00424,00002
00430,BrC(Br)Br,Br[C](Br)Br,[H],95.4,2.0,EI,gas,C-H,00395,00425,00002
00431,ICI,I[CH]I,[H],103.0,2.0,Rev.,gas,C-H,00396,00426,00002
00432,IC(I)I,I[C](I)I,[H],101.1,7.0,Der.,gas,C-H,00397,00427,00002
00433,CC,[CH3],[CH3],90.2,0.2,Der.,gas,C-C,00002,00001,00001
00434,CCC,[CH3],C[CH2],88.5,0.5,Der.,gas,C-C,00003,00001,00003
00435,CCCC,C[CH2],C[CH2],86.8,0.6,Der.,gas,C-C,00005,00003,00003
00436,CCCC,[CH3],CC[CH2],88.9,0.7,Der.,gas,C-C,00005,00001,00005
00437,CC(C)C,[CH3],C[CH]C,88.2,0.9,Der.,gas,C-C,00004,00001,00004
00438,CCCCC,CC[CH2],C[CH2],87.3,0.7,Der.,gas,C-C,00007,00005,00003
00439,CCCCC,CCC[CH2],[CH3],88.8,0.7,Der.,gas,C-C,00007,00009,00001
00440,CC(C)(C)C,[CH3],C[C](C)C,86.9,0.7,Der.,gas,C-C,00006,00001,00006
00441,CC(C)CC,C[CH]C,C[CH2],86.1,0.9,Der.,gas,C-C,00008,00004,00003
00442,CC(C)CC,C[CH]CC,[CH3],88.5,1.1,Der.,gas,C-C,00008,00008,00001
00443,CC(C)CC,[CH2]C(C)C,[CH3],88.0,0.7,Der.,gas,C-C,00008,00007,00001
00444,CC1CCCC1,C1CCC[CH]1,[CH3],85.6,1.2,Der.,gas,C-C,00087,00098,00001
00445,CCC1CCC1,C1C[CH]C1,[CH2]C,86.1,1.3,Der.,gas,C-C,00398,00094,00003
00446,CCCC(C)C,CC[CH2],C[CH]C,86.6,1.3,Der.,gas,C-C,00012,00005,00004
00447,CCCC(C)C,C[CH2],[CH2]C(C)C,86.9,1.3,Der.,gas,C-C,00012,00003,00007
00448,CCCC(C)C,[CH3],CCC[CH]C,88.9,1.0,Der.,gas,C-C,00012,00001,00012
00449,CCC(C)(C)C,C[C](C)C,C[CH2],84.5,0.9,Der.,gas,C-C,00011,00006,00003
00450,CCC(C)(C)C,CC[C](C)C,[CH3],86.3,1.5,Der.,gas,C-C,00011,00014,00001
00451,CC(C(C)C)C,C[CH]C,C[CH]C,84.5,1.1,Der.,gas,C-C,00009,00004,00004
00452,CCCCCC,CC[CH2],CC[CH2],87.5,0.8,Der.,gas,C-C,00013,00005,00005
00453,CCCCCC,[CH2]C,CCC[CH2],86.9,0.8,Der.,gas,C-C,00013,00003,00009
00454,CCCCCC,CCCC[CH2],[CH3],88.1,1.5,Der.,gas,C-C,00013,00013,00001
00455,CCC(C)CC,CC[CH]C,[CH2]C,85.7,0.8,Der.,gas,C-C,00010,00008,00003
00456,CCC(C)CC,CC[CH]CC,[CH3],87.4,1.0,Der.,gas,C-C,00010,00011,00001
00457,CC1CCCCC1,C1CC[CH]CC1,[CH3],90.1,1.8,Der.,gas,C-C,00096,00105,00001
00458,CCC1CCCC1,C1C[CH]CC1,C[CH2],84.0,1.3,Der.,gasgas,C-C,00095,00098,00003
00459,CC(C)CC(C)C,C[CH]C,[CH2]C(C)C,85.9,1.3,Der.,gas,C-C,00015,00004,00007
00460,CC(C(C)(C)C)C,C[CH]C,C[C](C)C,81.5,1.1,Der.,gas,C-C,00017,00004,00006
00461,CCCCCCC,CC[CH2],CCC[CH2],87.3,0.9,Der.,gas,C-C,00016,00005,00009
00462,CCCCCCC,C[CH2],CCCC[CH2],86.3,1.5,Der.,gas,C-C,00016,00003,00013
00463,CCCCCCC,[CH3],CCCCC[CH2],88.0,1.5,Der.,gas,C-C,00016,00001,00021
00464,CCC(CC)CC,CC[CH]CC,[CH2]C,85.0,1.5,Der.,gas,C-C,00399,00011,00003
00465,CCC(CC)(C)C,CC[C](C)C,C[CH2],83.5,1.5,Der.,gas,C-C,00400,00014,00003
00466,CC(C)CCCC,C[CH]C,[CH2]CCC,86.1,1.1,Der.,gas,C-C,00401,00004,00009
00467,CC(C)CCCC,CC(C)[CH2],[CH2]CC,84.2,1.3,Der.,gas,C-C,00401,00007,00005
00468,CCCC(C)CC,CC[CH2],CC[CH]C,85.7,0.9,Der.,gas,C-C,00014,00005,00008
00469,CCCC(C)(C)C,CC[CH2],C[C](C)C,84.6,1.0,Der.,gas,C-C,00402,00005,00006
00470,CC(C)C(C)CC,C[CH]C,C[CH]CC,84.7,1.0,Der.,gas,C-C,00403,00004,00008
00471,CCCC1CCCC1,C1C[CH]CC1,[CH2]CC,84.4,1.3,Der.,gas,C-C,00404,00098,00005
00472,CCC1CCCCC1,C1CCC[CH]C1,C[CH2],87.4,1.3,Der.,gas,C-C,00115,00105,00003
00474,CCCCCCCC,CC[CH2],CCCC[CH2],86.7,1.5,Der.,gas,C-C,00019,00005,00013
00475,CCCCCCCC,CCC[CH2],CCC[CH2],87.0,0.9,Der.,gas,C-C,00019,00009,00009
00476,CCCCCCCC,C[CH2],CCCCC[CH2],86.2,1.5,Der.,gas,C-C,00019,00003,00021
00477,CC(C)C(C)(C)CC,C[CH]C,CC[C](C)C,79.6,1.5,Der.,gas,C-C,00406,00004,00014
00478,CC(C)CC(C)(C)C,C[CH]C,[CH2]C(C)(C)C,83.3,1.5,Der.,gas,C-C,00020,00004,00010
00480,CCC(C(C)C)CC,CC[CH]CC,C[CH]C,82.7,1.5,Der.,gas,C-C,00407,00011,00004
00481,CCCC(CC)CC,CC[CH2],CC[CH]CC,85.5,1.5,Der.,gas,C-C,00408,00005,00011
00482,CC(C)C(C)CCC,C[CH]C,CCC[CH]C,84.1,1.5,Der.,gas,C-C,00018,00004,00012
00483,CC(C)CCCCC,C[CH]C,[CH2]CCCC,85.5,1.5,Der.,gas,C-C,00409,00004,00013
00484,CC(C)CCCCC,CC(C)[CH2],[CH2]CCC,86.8,1.3,Der.,gas,C-C,00409,00007,00009
00485,CCC(CC(C)C)C,C[CH]CC,CC(C)[CH2],85.3,1.3,Der.,gas,C-C,00410,00008,00007
00486,CC(C)(CC(C)C)C,C[C](C)C,CC(C)[CH2],81.3,1.3,Der.,gas,C-C,00020,00006,00007
00487,CCC(C(C)CC)C,C[CH]CC,C[CH]CC,83.3,0.8,Der.,gas,C-C,00411,00008,00008
00488,CC(C)(C(C)CC)C,C[C](C)C,C[CH]CC,80.4,1.0,Der.,gas,C-C,00412,00006,00008
00489,CC(C)(C(C)(C)C)C,C[C](C)C,C[C](C)C,77.1,1.0,Der.,gas,C-C,00413,00006,00006
00491,CC(CCC(C)C)C,CC(C)[CH2],CC(C)[CH2],86.6,1.5,Der.,gas,C-C,00021,00007,00007
00492,CCCC1CCCCC1,C1CCC[CH]C1,[CH2]CC,87.8,2.0,Der.,gas,C-C,00414,00105,00005
00493,CCCCCCCCC,[CH2]CCCC,CCC[CH2],86.1,2.0,Der.,gas,C-C,00415,00013,00009
00494,CCCCCC(C)(C)C,CCC[CH2],[CH2]C(C)(C)C,81.8,2.0,Der.,gas,C-C,00416,00009,00010
00495,CC(CCC(C)(C)C)C,CC(C)[CH2],[CH2]C(C)(C)C,85.9,2.0,Der.,gas,C-C,00023,00007,00010
00496,CCC(C)(C)C(C)(C)C,C[C](C)C,CC[C](C)C,75.3,1.5,Der.,gas,C-C,00417,00006,00014
00497,CC(CC(C)(C)C)(C)C,C[C](C)C,CC(C)([CH2])C,77.9,2.0,Der.,gas,C-C,00418,00006,00010
00498,CCCCC1CCCCC1,C1CCC[CH]C1,[CH2]CCC,85.3,1.5,Der.,gas,C-C,00419,00105,00009
00499,CC(CCCC)CCCC,[CH2]CCC,C[CH]CCCC,87.4,2.0,Der.,gas,C-C,00420,00009,00020
00500,CCCCCCCC(C)C,CCCCC[CH2],CC(C)[CH2],86.8,2.0,Der.,gas,C-C,00421,00021,00007
00501,CC1(C2)C[C@@H](C[C@@H]2C3)C[C@@H]3C1,[C@@H]12C[C@H](C[C@@H]3C2)C[C](C3)C1,[CH3],89.2,3.0,Der.,gas,C-C,00422,00140,00001
00502,CC1[C@H]2C[C@@H](C[C@@H]1C3)C[C@@H]3C2,[C@@H]12C[C@H](C[C@@H]3C2)C[C@H]([CH]3)C1,[CH3],87.3,3.0,Der.,gas,C-C,00423,00139,00001
00503,CCC1(C2)C[C@@H](C[C@@H]2C3)C[C@@H]3C1,[C@@H]12C[C@H](C[C@@H]3C2)C[C](C3)C1,C[CH2],86.1,3.0,Der.,gas,C-C,00424,00140,00003
00504,C1(C2CCCCC2)CCCCC1,C1CCC[CH]C1,C1CCC[CH]C1,88.2,2.0,Der.,gas,C-C,00129,00105,00105
00505,CCCCCCCCCCCC,CCCCC[CH2],CCCCC[CH2],85.0,2.0,Der.,gas,C-C,00425,00021,00021
00506,C#C,[CH],[CH],228.0,1.0,Der.,gas,C#C,00024,00428,00428
00507,C=C,[CH2],[CH2],174.1,1.5,Der.,gas,C=C,00025,00429,00429
00508,C#CC,[CH3],[C]#C,126.5,1.0,Der.,gas,C-C,00027,00001,00034
00509,C=CC,[CH3],[CH]=C,101.9,1.5,Der.,gas,C-C,00028,00001,00035
00510,C#CC#C,[C]#C,[C]#C,160.2,2.0,Der.,gas,C-C,00029,00034,00034
00511,C=CC#C,C=[CH],C#[C],136.8,2.5,Der.,gas,C-C,00426,00035,00034
00512,CC1=CC1,[CH3],C1=[C]C1,81.4,5.0,Der.,gas,C-C,00427,00001,00088
00513,C#CCC,C#C[CH2],[CH3],76.6,1.2,Der.,gas,C-C,00032,00038,00001
00514,C#CCC,C#[C],C[CH2],124.5,1.0,Der.,gas,C-C,00032,00034,00003
00515,CC#CC,[CH3],[C]#CC,121.8,3.2,Der.,gas,C-C,00030,00001,00037
00516,C=C=CC,[CH3],C=C=[CH],86.0,1.4,Der.,gas,C-C,00033,00001,00036
00517,C=CC=C,C=[CH],C=[CH],116.9,1.5,Der.,gas,C-C,00031,00035,00035
00518,C=CCC,C=C[CH2],[CH3],75.9,0.9,Der.,gas,C-C,00034,00039,00001
00519,C/C=C\C,[CH]=CC,[CH3],102.6,2.0,Der.,gas,C-C,00428,00431,00001
00520,C/C=C/C,[CH]=CC,[CH3],101.6,2.0,Der.,gas,C-C,00036,00431,00001
00521,C=C/C=C/C,C=[CH],[CH]=CC,117.2,2.0,Der.,gas,C-C,00040,00035,00431
00522,CC#CCC,CC#C[CH2],[CH3],73.7,1.5,VLPP,gas,C-C,00043,00042,00001
00523,C#CC(C)C,C#C[CH]C,[CH3],73.0,2.0,VLPP,gas,C-C,00041,00045,00001
00524,C=C(C)C=C,C=[C]C,[CH]=C,108.8,2.0,Der.,gas,C-C,00429,00432,00035
00525,C=C=CCC,C=C=[CH],C[CH2],80.6,1.5,Der.,gas,C-C,00430,00036,00003
00526,C=CCC=C,C=C[CH2],C=[CH],87.2,1.2,Der.,gas,C-C,00039,00039,00035
00527,C=C/C=C\C,C=[CH],CC=[CH],118.5,2.0,Der.,gas,C-C,00431,00035,00431
00528,C=CCCC,C=C[CH2],C[CH2],74.3,1.5,Der.,gas,C-C,00046,00039,00003
00529,CC1CCC=C1,C1=C[CH]CC1,[CH3],71.5,2.0,Der.,gas,C-C,00432,00096,00001
00530,C#CC(C)(C)C,C#C[C](C)C,[CH3],70.7,1.5,VLPP,gas,C-C,00433,00055,00001
00531,C=CCCC=C,C=C[CH2],C=C[CH2],61.5,1.0,Der.,gas,C-C,00434,00039,00039
00532,CC#CC(C)C,CC#C[CH]C,[CH3],76.7,1.5,Der.,gas,C-C,00050,00057,00001
00533,C#CCCCC,C#C[CH2],CC[CH2],73.2,1.5,VLPP,gas,C-C,00435,00038,00005
00534,C=C(C)CCC,C=C(C)[CH2],C[CH2],73.2,1.0,Der.,gas,C-C,00436,00049,00003
00535,C=CC(C)CC,C=C[CH]C,C[CH2],70.8,1.5,Der.,gas,C-C,00437,00047,00003
00536,C=CCC(C)C,C=[CH],[CH2]C(C)C,100.6,1.5,Der.,gas,C-C,00438,00035,00007
00537,C=CCC(C)C,C=C[CH2],C[CH]C,74.1,1.0,Der.,gas,C-C,00438,00039,00004
00538,C/C=C/C(C)C,CC=[CH],C[CH]C,99.5,2.0,Der.,gas,C-C,00439,00431,00004
00539,C/C=C\C(C)C,CC=[CH],C[CH]C,100.5,2.0,Der.,gas,C-C,00054,00431,00004
00540,C=CC(C)(C)C,C=[CH],C[C](C)C,97.7,1.3,Der.,gas,C-C,00440,00035,00006
00541,C=C(C)C(C)C,C=[C]C,C[CH]C,92.0,1.0,Der.,gas,C-C,00053,00432,00004
00542,C=CC(C)(C)C,C=C[C](C)C,[CH3],67.5,1.5,Der.,gas,C-C,00440,00059,00001
00543,C=CCCCC,[CH2]CCC,C=[CH],100.6,1.3,Der.,gas,C-C,00056,00009,00035
00544,C=CCCCC,C=C[CH2],[CH2]CC,75.0,1.0,Der.,gas,C-C,00056,00039,00005
00545,C#CCC(C)CC,C#C[CH2],C[CH]CC,71.7,1.5,KM,gas,C-C,00441,00038,00008
00546,CC#CC(C)(C)C,CC#C[C](C)C,[CH3],72.5,1.5,VLPP,gas,C-C,00442,00066,00001
00547,C=CCCCCC,C=[CH],[CH2]CCCC,99.5,1.5,Der.,gas,C-C,00443,00035,00013
00548,C=CCCCCC,[CH2]CCC,C=C[CH2],74.3,1.0,Der.,gas,C-C,00443,00009,00039
00549,CC(C)CCC=C,[CH2]C=C,CC(C)[CH2],73.2,1.5,Der.,gas,C-C,00444,00039,00007
00550,CC(C)CC(C)=C,C[CH]C,[CH2]C(C)=C,71.6,1.5,Der.,gas,C-C,00445,00004,00049
00551,C=CCC(C)(C)C,C[C](C)C,C=C[CH2],71.9,1.5,Der.,gas,C-C,00446,00006,00039
00552,C/C=C/C(C)(C)C,C[C](C)C,CC=[CH],96.6,2.0,Der.,gas,C-C,00447,00006,00431
00553,CC(C)(C)/C=C\C,C[C](C)C,CC=[CH],100.5,2.0,Der.,gas,C-C,00448,00006,00431
00554,C=CC1CCCCC1,C1[CH]CCCC1,C=[CH],91.3,2.0,Der.,gas,C-C,00104,00105,00035
00555,C=CCC1CCCC1,C1CC[CH]C1,[CH2]C=C,71.9,1.5,Der.,gas,C-C,00449,00098,00039
00556,C=CCCCCCC,C=C[CH2],[CH2]CCCC,73.3,1.5,Der.,gas,C-C,00063,00039,00013
00557,CC(C)(C)CC(C)=C,C[C](C)C,[CH2]C(C)=C,68.6,2.0,Der.,gas,C-C,00450,00006,00049
00558,C1=CCCCC1,[CH2]CC/C=C\[CH2],,74.8,,Der.,gas,C-C,00085,00433,
00559,CC1=CC=CC=C1,C1=CC=C[C]=C1,[CH3],102.0,1.0,Der.,gas,C-C,00136,00153,00001
00560,C#CC1=CC=CC=C1,C1=CC=C[C]=C1,[C]#C,141.2,1.4,Der.,gas,C-C,00059,00153,00034
00561,C=CC1=CC=CC=C1,C1=CC=C[C]=C1,[CH]=C,115.2,1.3,Der.,gas,C-C,00139,00153,00035
00562,CCC1=CC=CC=C1,C1=CC=C[C]=C1,[CH2]C,100.2,1.0,Der.,gas,C-C,00141,00153,00003
00563,CCC1=CC=CC=C1,[CH2]C1=CC=CC=C1,[CH3],77.7,1.0,Der.,gas,C-C,00141,00155,00001
00564,C=CCC1=CC=CC=C1,[CH2]C=C,C1=CC=C[C]=C1,87.6,,Der.,gas,C-C,00150,00039,00153
00565,C=CCC1=CC=CC=C1,[CH2]C1=CC=CC=C1,[CH]=C,89.2,,Der.,gas,C-C,00150,00155,00035
00566,C1(C2CC2)=CC=CC=C1,C1=CC=C[C]=C1,[CH]1CC1,109.8,1.2,Der.,gas,C-C,00151,00153,00089
00567,CCCC1=CC=CC=C1,C1=CC=C[C]=C1,CC[CH2],100.8,1.0,Der.,gas,C-C,00154,00153,00005
00568,CCCC1=CC=CC=C1,[CH2]C1=CC=CC=C1,C[CH2],76.2,1.5,Der.,gas,C-C,00154,00155,00003
00569,CCC1=CC=CC=C1C,[CH2]C1=CC=CC=C1C,[CH3],72.9,,VLPP,gas,C-C,00451,00162,00001
00570,CCC1=CC(C)=CC=C1,[CH2]C1=CC(C)=CC=C1,[CH3],73.8,,VLPP,gas,C-C,00452,00164,00001
00571,CC(C)C1=CC=CC=C1,C[CH]C,C1=CC=C[C]=C1,98.9,1.0,Der.,gas,C-C,00157,00004,00153
00572,CC(C)C1=CC=CC=C1,C[CH]C1=CC=CC=C1,[CH3],76.2,2.0,Der.,gas,C-C,00157,00161,00001
00573,CC1C=CC2=CC=CC=C21,C12=CC=CC=C1[CH]C=C2,[CH3],72.4,,VLPP,gas,C-C,00453,00208,00001
00574,C#CCCC1=CC=CC=C1,[CH2]C1=CC=CC=C1,[CH2]C#C,61.4,2.0,VLPP,gas,C-C,00454,00155,00038
00575,C=CC1=CC=C(CC)C=C1,[CH2]C1=CC=C(C=C)C=C1,[CH3],70.6,,VLPP,gas,C-C,00455,00434,00001
00576,CC/C=C/C1=CC=CC=C1,[CH2]/C=C/C1=CC=CC=C1,[CH3],70.6,,VLPP,gas,C-C,00456,00172,00001
00577,C=CCCC1=CC=CC=C1,[CH2]C=C,[CH2]C1=CC=CC=C1,61.4,2.0,VLPP,gas,C-C,00457,00039,00155
00578,C12=CC=CC=C1CCCC2,[CH2]CCC1=CC=CC=C1[CH2],,72.9,,KM,gas,C-C,00170,00435,
00579,CC(CC)C1=CC=CC=C1,C[CH]C1=CC=CC=C1,C[CH2],74.6,2.0,Der.gas,gas,C-C,00458,00161,00003
00580,CC(C)CC1=CC=CC=C1,[CH2]C(C)C,C1=CC=C[C]=C1,100.7,1.5,Der.,gas,C-C,00459,00007,00153
00581,CC(C)CC1=CC=CC=C1,C[CH]C,[CH2]C1=CC=CC=C1,75.8,1.5,Der.,gas,C-C,00459,00004,00155
00582,CC(C1=CC=CC=C1)(C)C,C[C](C1=CC=CC=C1)C,[CH3],72.5,2.0,Der.,gas,C-C,00172,00177,00001
00583,CC(C1=CC=CC=C1)(C)C,C1=CC=C[C]=C1,C[C](C)C,95.8,1.5,Der.,gas,C-C,00172,00153,00006
00584,CC1=CC=C(C)C=C1CC,CC1=CC=C(C)C=C1[CH2],[CH3],72.5,,VLPP,gas,C-C,00460,00436,00001
00585,CC1=CC(C)=CC(CC)=C1,CC1=CC(C)=CC([CH2])=C1,[CH3],73.5,,VLPP,gas,C-C,00461,00178,00001
00586,CCCCC1=CC=CC=C1,[CH2]CC,[CH2]C1=CC=CC=C1,76.6,1.5,Der.,gas,C-C,00462,00005,00155
00587,CCCCC1=CC=CC=C1,C1=CC=C[C]=C1,CCC[CH2],100.6,1.0,Der.,gas,C-C,00462,00153,00009
00588,CC1=C(CC)C(C)=CC=C1,CC1=C([CH2])C(C)=CC=C1,[CH3],71.2,,VLPP,gas,C-C,00463,00437,00001
00589,CC1=CC2=CC=CC=C2C=C1,C12=CC=CC=C1C=[C]C=C2,[CH3],105.3,2.0,Der.,gas,C-C,00180,00188,00001
00590,CC1=CC=CC2=CC=CC=C21,C12=CC=CC=C1[C]=CC=C2,[CH3],103.8,2.0,Der.,gas,C-C,00181,00189,00001
00591,C1(C2=CC=CC=C2)=CC=CC=C1,[C]1=CC=CC=C1,[C]1=CC=CC=C1,114.4,1.5,Der.,gas,C-C,00464,00153,00153
00592,CCC1=CC=CC2=CC=CC=C21,[CH2]C1=CC=CC2=CC=CC=C21,[CH3],72.9,1.5,VLPP,gas,C-C,00194,00205,00001
00593,C1(C2CCCCC2)=CC=CC=C1,[CH]1CCCCC1,[C]1=CC=CC=C1,98.7,2.0,Der.,gas,C-C,00128,00105,00153
00594,C1(CC2=CC=CC=C2)=CC=CC=C1,[CH2]C1=CC=CC=C1,[C]1=CC=CC=C1,91.7,2.0,Der.,gas,C-C,00215,00155,00153
00595,CC(C1=CC=CC=C1)C2=CC=CC=C2,C1([CH]C2=CC=CC=C2)=CC=CC=C1,[CH3],75.5,1.5,Der.,gas,C-C,00229,00239,00001
00596,C1(CCC2=CC=CC=C2)=CC=CC=C1,[CH2]C1=CC=CC=C1,[CH2]C1=CC=CC=C1,65.2,2.2,Der.,gas,C-C,00230,00155,00155
00597,CC(C1=CC=CC=C1)(C)C2=CC=CC=C2,C[C](C1=CC=CC=C1)C2=CC=CC=C2,[CH3],69.5,2.0,VLPP,gas,C-C,00465,00253,00001
00598,CCC1=C2C(C=CC=C2)=CC3=CC=CC=C31,[CH2]C1=C2C(C=CC=C2)=CC3=CC=CC=C31,[CH3],67.6,1.5,VLPP,gas,C-C,00466,00264,00001
00599,CC(C)C(C1=CC=CC=C1)C2=CC=CC=C2,C[CH]C,C1([CH]C2=CC=CC=C2)=CC=CC=C1,73.6,1.5,Der.,gas,C-C,00467,00004,00239
00600,C1(C(C2=CC=CC=C2)C3=CC=CC=C3)=CC=CC=C1,[C]1=CC=CC=C1,C1([CH]C2=CC=CC=C2)=CC=CC=C1,86.3,2.0,Der.,gas,C-C,00292,00153,00239
00601,C1(C(C2=CC=CC=C2)(C3=CC=CC=C3)C4=CC=CC=C4)=CC=CC=C1,[C](C1=CC=CC=C1)(C2=CC=CC=C2)C3=CC=CC=C3,[C]1=CC=CC=C1,77.5,3.0,Der.,gas,C-C,00468,00316,00153
00602,C(C(C1=CC=CC=C1)C2=CC=CC=C2)(C3=CC=CC=C3)C4=CC=CC=C4,C1([CH]C2=CC=CC=C2)=CC=CC=C1,C1([CH]C2=CC=CC=C2)=CC=CC=C1,59.1,2.0,Der.,gas,C-C,00469,00239,00239
00603,C1(C(CC2=CC=CC=C2)(C3=CC=CC=C3)C4=CC=CC=C4)=CC=CC=C1,[C](C1=CC=CC=C1)(C2=CC=CC=C2)C3=CC=CC=C3,[CH2]C1=CC=CC=C1,56.1,3.5,Der.,gas,C-C,00470,00316,00155
00604,C12=CC=CC=C1C(C3(C4=CC=CC=C4)C(C=CC=C5)=C5C6=C3C=CC=C6)(C7=CC=CC=C7)C8=C2C=CC=C8,[C]1(C2=CC=CC=C2)C(C=CC=C3)=C3C4=C1C=CC=C4,[C]1(C2=CC=CC=C2)C(C=CC=C3)=C3C4=C1C=CC=C4,15.2,,UV,gas,C-C,00471,00314,00314
00605,O=C=C,O=[C],[CH2],78.73,0.02,GPA,gas,C=C,00472,00438,00429
00606,CC=O,[CH]=O,[CH3],84.8,0.4,Der.,gas,C-C,00473,00439,00001
00607,CCO,[CH2]O,[CH3],87.2,1.0,Der.,gas,C-C,00474,00440,00001
00608,O=C=CC,O=C=[CH],[CH3],93.3,1.5,Der.,gas,C-C,00475,00441,00001
00609,O=CC=O,O=[CH],O=[CH],70.7,1.5,Der.,gas,C-C,00476,00439,00439
00610,CC1OC1,C1O[CH]1,[CH3],93.5,2.5,Der.,gas,C-C,00477,00442,00001
00611,OCC=C,O[CH2],C=[CH],97.1,1.2,Der.,gas,C-C,00478,00440,00035
00612,CC(C)=O,C[C]=O,[CH3],84.1,0.5,Der.,gas,C-C,00479,00443,00001
00615,CC(O)=O,O[C]=O,[CH3],92.0,2.0,Der.,gas,C-C,00482,00445,00001
00616,OCCC,O[CH2],C[CH2],85.3,1.2,Der.,gas,C-C,00483,00440,00003
00617,COCC,CO[CH2],[CH3],86.8,1.2,Der.,gas,C-C,00484,00446,00001
00618,OCCN,O[CH2],N[CH2],80.2,2.5,Der.,gas,C-C,00485,00440,00447
00619,CC(F)=O,[CH3],F[C]=O,103.0,2.2,Der.,gas,C-C,00486,00001,00448
00620,OCCO,O[CH2],O[CH2],85.6,1.5,Der.,gas,C-C,00487,00440,00440
00621,C/C=C/C=O,CC=[CH],O=[CH],97.8,2.0,Der.,gas,C-C,00488,00431,00439
00622,C=CC(C)=O,C=[CH],C[C]=O,96.6,3.0,Der.,gas,C-C,00489,00035,00443
00623,C=CC(C)=O,[CH3],C=C[C]=O,81.8,3.0,Der.,gas,C-C,00489,00001,00449
00624,C#CCCO,O[CH2],C#C[CH2],73.0,1.2,Der.,gas,C-C,00490,00440,00038
00625,C=CCC=O,C=[CH],O=C[CH2],97.1,2.0,Der.,gas,C-C,00491,00035,00444
00626,CC(C=O)=O,O=[CH],C[C]=O,72.3,2.0,Der.,gas,C-C,00492,00439,00443
00627,C=CC(O)=O,C=[CH],O[C]=O,104.1,2.0,Der.,gas,C-C,00493,00035,00445
00628,CCC(C)=O,C[CH2],C[C]=O,83.0,0.7,Der.,gas,C-C,00480,00003,00443
00629,CCC(C)=O,[CH2]C(C)=O,[CH3],86.5,3.0,Der.,gas,C-C,00480,00450,00001
00630,CCCC=O,CC[CH2],O=[CH],82.7,1.0,Der.,gas,C-C,00494,00005,00439
00631,CC(C)C=O,C[CH]C,O=[CH],82.5,1.2,Der.,gas,C-C,00495,00004,00439
00632,CCCC=O,C[CH2],[CH2]C=O,79.8,2.5,Der.,gas,C-C,00494,00003,00444
00633,OCCC=C,O[CH2],C=C[CH2],72.0,1.2,Der.,gas,C-C,00496,00440,00039
00634,CCC(C)=O,CC[C]=O,[CH3],84.6,0.8,Der.,gas,C-C,00480,00451,00001
00635,CC(OC)=O,CO[C]=O,[CH3],92.6,3.0,Der.,gas,C-C,00497,00452,00001
00636,CCC(O)=O,[CH3],[CH2]C(O)=O,84.5,3.0,Der.,gas,C-C,00498,00001,00453
00637,CCC(O)=O,C[CH2],O[C]=O,90.8,1.5,Der.,gas,C-C,00498,00003,00445
00638,CC(O)CC,C[CH]O,C[CH2],86.0,1.2,Der.,gas,C-C,00499,00454,00003
00639,OCC(C)C,O[CH2],C[CH]C,84.8,1.0,Der.,gas,C-C,00500,00440,00004
00640,OCCCC,O[CH2],CC[CH2],85.4,0.8,Der.,gas,C-C,00501,00440,00005
00641,NCC(O)=O,N[CH2],O[C]=O,83.5,2.0,Der.,gas,C-C,00502,00447,00445
00642,OCC(O)=O,O[CH2],O[C]=O,88.8,1.3,Der.,gas,C-C,00503,00440,00445
00643,CC(O)CO,O[CH2],C[CH]O,86.2,1.8,Der.,gas,C-C,00504,00440,00454
00644,CC(Cl)=O,[CH3],Cl[C]=O,87.9,1.5,Der.,gas,C-C,00505,00001,00455
00646,C=CC(OC)=O,C=[CH],O=[C]OC,106.2,2.5,Der.,gas,C-C,00507,00035,00452
00647,CC(C(C)=O)=O,C[C]=O,C[C]=O,73.4,1.0,Der.,gas,C-C,00508,00443,00443
00648,CC(C)C(C)=O,C[CH]C,C[C]=O,81.3,0.9,Der.,gas,C-C,00509,00004,00443
00649,CCCCC=O,CC[CH2],O=C[CH2],80.9,2.5,Der.,gas,C-C,00510,00005,00444
00650,CCCCC=O,CCC[CH2],O=[CH],83.2,0.7,Der.,gas,C-C,00510,00009,00439
00651,CCCC(C)=O,CC[CH2],C[C]=O,83.3,0.7,Der.,gas,C-C,00511,00005,00443
00652,CCC(CC)=O,CC[C]=O,C[CH2],81.4,0.8,Der.,gas,C-C,00512,00451,00003
00653,CCCC(O)=O,C[CH2],[CH2]C(O)=O,82.6,3.0,Der.,gas,C-C,00513,00003,00453
00654,CCCC(O)=O,CC[CH2],O=[C]O,91.0,1.5,Der.,gas,C-C,00513,00005,00445
00655,CC(C(C)O)C,C[CH]C,C[CH]O,83.9,1.3,Der.,gas,C-C,00514,00004,00454
00656,OCC(C)(C)C,C[C](C)C,O[CH2],84.6,1.3,Der.,gas,C-C,00515,00006,00440
00657,CC(O)CCC,C[CH]O,CC[CH2],86.1,1.2,Der.,gas,C-C,00516,00454,00005
00658,CCCCCO,CCC[CH2],O[CH2],85.0,1.0,Der.,gas,C-C,00517,00009,00440
00659,CCOCCC,CCO[CH2],C[CH2],85.3,1.2,Der.,gas,C-C,00518,00456,00003
00660,CC(CO)CC,CC[CH]C,O[CH2],84.3,1.0,Der.,gas,C-C,00519,00008,00440
00661,CC(N)C(O)=O,C[CH]N,O[C]=O,79.2,4.0,Der.,gas,C-C,00520,00457,00445
00662,CNCC(O)=O,CN[CH2],O[C]=O,71.8,2.0,Der.,gas,C-C,00521,00458,00445
00663,NCCC(O)=O,N[CH2],[CH2]C(O)=O,77.8,4.0,Der.,gas,C-C,00522,00447,00453
00664,OC(C(O)=O)=O,O[C]=O,O[C]=O,80.0,4.0,Der.,gas,C-C,00523,00445,00445
00665,OCC(OC)=O,O[CH2],CO[C]=O,88.5,2.5,Der.,gas,C-C,00524,00440,00452
00666,CC(C(C)O)O,C[CH]O,C[CH]O,90.5,1.5,Der.,gas,C-C,00525,00454,00454
00667,COCCOC,CO[CH2],CO[CH2],81.0,2.5,Der.,gas,C-C,00526,00446,00446
00668,CCC(Cl)=O,[CH3],[CH2]C(Cl)=O,85.5,3.3,Der.,gas,C-C,00527,00001,00459
00669,ClCC1OC1,C1O[CH]1,[CH2]Cl,89.8,2.5,Der.,gas,C-C,00528,00442,00373
00670,CCC(Cl)=O,C[CH2],Cl[C]=O,86.2,1.2,Der.,gas,C-C,00527,00003,00455
00671,ClCC(O)=O,Cl[CH2],O[C]=O,85.5,2.0,Der.,gas,C-C,00529,00373,00445
00672,CCC1=CC=CO1,[CH2]C1=CC=CO1,[CH3],75.0,2.0,VLPP,gas,C-C,00530,00460,00001
00673,OCC(F)(F)F,O[CH2],F[C](F)F,96.9,1.5,Der.,gas,C-C,00531,00440,00385
00674,CCC(C(C)=O)=O,C[C]=O,CC[C]=O,72.2,1.1,Der.,gas,C-C,00532,00443,00451
00675,CC(CC(C)=O)=O,C[C]=O,CC([CH2])=O,80.8,2.0,Der.,gas,C-C,00533,00443,00450
00676,CCC(C(C)C)=O,C[CH]C,CC[C]=O,81.6,1.5,Der.,gas,C-C,00534,00004,00451
00677,CCCC(CC)=O,CC[CH2],CC[C]=O,82.3,1.3,Der.,gas,C-C,00535,00005,00451
00678,CCCCC(C)=O,CCC[CH2],C[C]=O,82.9,1.3,Der.,gas,C-C,00536,00009,00443
00679,CCCCC(C)=O,[CH2]C(C)=O,CC[CH2],82.4,1.5,Der.,gas,C-C,00536,00450,00005
00680,O=C(C)C(C)(C)C,C[C](C)C,C[C]=O,78.7,1.0,Der.,gas,C-C,00537,00006,00443
00682,CCCCC(O)=O,CCC[CH2],O[C]=O,89.7,1.5,Der.,gas,C-C,00538,00009,00445
00683,CC(CC(O)=O)C,O=[C]O,CC([CH2])C,91.6,3.0,Der.,gas,C-C,00539,00445,00007
00684,OCCCCCC,O[CH2],CCCC[CH2],84.4,1.3,Der.,gas,C-C,00540,00440,00013
00685,O=C(C)C1=CC=CC=C1,O=[C]C,C1=CC=C[C]=C1,97.6,1.0,Der.,gas,C-C,00541,00443,00153
00686,CC(C(O)=O)Cl,C[CH]Cl,O[C]=O,85.5,2.0,Der.,gas,C-C,00542,00378,00445
00687,ClCC(OC)=O,Cl[CH2],O=[C]OC,90.6,3.2,Der.,gas,C-C,00543,00373,00452
00688,OCC1=CC=CC=C1,C1=CC=[C]C=C1,O[CH2],96.1,0.9,Der.,gas,C-C,00544,00153,00440
00689,ClCC(Cl)=O,Cl[CH2],Cl[C]=O,81.3,2.0,Der.,gas,C-C,00545,00373,00455
00690,OC(C(F)(F)F)=O,F[C](F)F,O[C]=O,88.6,2.0,Der.,gas,C-C,00546,00385,00445
00691,OCCC(F)(F)F,F[C](F)F,OC[CH2],97.8,,Der.,gas,C-C,00547,00385,00461
00692,O=CCCCCCC,CCCC[CH2],O=C[CH2],78.5,3.0,Der.,gas,C-C,00548,00013,00444
00693,CCC(C(C)(C)C)=O,C[C](C)C,CC[C]=O,78.8,1.0,Der.,gas,C-C,00549,00006,00451
00694,O=CCCCCCC,CCCCC[CH2],O=[CH],81.0,2.0,Der.,gas,C-C,00548,00021,00439
00695,OC(C1CCCN1)=O,N1CCC[CH]1,O=[C]O,74.6,2.5,Der.,gas,C-C,00551,00462,00445
00696,OC(CCCCC)=O,CCCC[CH2],O[C]=O,88.8,1.5,Der.,gas,C-C,00552,00013,00445
00697,CCCCCCCO,CCCCC[CH2],O[CH2],85.1,1.0,Der.,gas,C-C,00553,00021,00440
00698,COC(C(OC)=O)=O,CO[C]=O,CO[C]=O,88.4,2.5,Der.,gas,C-C,00554,00452,00452
00699,OC(CCC(O)=O)=O,OC([CH2])=O,OC([CH2])=O,81.9,1.0,Der.,gas,C-C,00555,00453,00453
00700,O=CCC1=CC=CC=C1,C1=CC=[C]C=C1,O=C[CH2],69.2,1.5,Der.,gas,C-C,00556,00153,00444
00701,CC(C1=CC=CC=C1)=O,C1=CC=[C]C=C1,C[C]=O,97.2,1.1,Der.,gas,C-C,00541,00153,00443
00702,CC(C1=CC=CC=C1)=O,O=[C]C1=CC=CC=C1,[CH3],85.0,,PD,gas,C-C,00541,00463,00001
00703,ClCCC(OC)=O,ClC[CH2],CO[C]=O,87.8,3.0,Der.,gas,C-C,00557,00377,00452
00704,OC(C1=CC=CC=C1)=O,C1=CC=C[C]=C1,O=[C]O,102.7,2.0,Der.,gas,C-C,00160,00153,00445
00705,ClC(C(Cl)=O)=O,Cl[C]=O,Cl[C]=O,69.9,2.0,Der.,gas,C-C,00558,00455,00455
00706,COC(C(F)(F)F)=O,F[C](F)F,CO[C]=O,85.5,2.5,Der.,gas,C-C,00559,00385,00452
00707,O=C(O)CCCCCC,CCCCC[CH2],O[C]=O,89.7,1.5,Der.,gas,C-C,00560,00021,00445
00708,OCC(F)(F)C(F)F,O[CH2],F[C](F)C(F)F,90.7,2.0,Der.,gas,C-C,00561,00440,00401
00709,O=C(C)CC1=CC=CC=C1,[CH2]C1=CC=CC=C1,O=[C]C,71.4,2.0,Der.,gas,C-C,00562,00155,00443
00710,O=C(CC)C1=CC=CC=C1,O=[C]C1=CC=CC=C1,C[CH2],82.2,2.8,Der.,gas,C-C,00563,00463,00003
00711,O=C(OC)C1=CC=CC=C1,C1=CC=C[C]=C1,CO[C]=O,104.4,2.5,Der.,gas,C-C,00564,00153,00452
00712,O=C(O)CC1=CC=CC=C1,[CH2]C1=CC=CC=C1,O[C]=O,67.0,,Rev.,gas,C-C,00565,00155,00445
00713,O=C(Cl)C1=CC=CC=C1,C1=CC=C[C]=C1,Cl[C]=O,99.8,1.5,Der.,gas,C-C,00566,00153,00455
00714,O=CC(Cl)(Cl)Cl,O=[CH],Cl[C](Cl)Cl,73.9,1.2,Der.,gas,C-C,00567,00439,00405
00715,ClC(C(Cl)=O)Cl,Cl[CH]Cl,Cl[C]=O,74.7,2.0,Der.,gas,C-C,00568,00390,00455
00716,OC(C(C)C(C)C(O)=O)=O,OC([CH]C)=O,OC([CH]C)=O,66.7,1.6,Der.,gas,C-C,00569,00464,00464
00717,OC(C(Cl)(Cl)Cl)=O,Cl[C](Cl)Cl,O[C]=O,74.2,3.0,Der.,gas,C-C,00570,00405,00445
00718,CC(C(OC)=O)C1=CC=CC=C1,O=[C]OC,C[CH]C1=CC=CC=C1,77.1,2.0,Der.,gas,C-C,00571,00452,00161
00719,O=C(C1=CC=CC2=CC=CC=C21)O,O=[C]O,C12=CC=CC=C1[C]=CC=C2,102.8,2.0,Der.,gas,C-C,00572,00445,00189
00720,O=C(C1=CC2=CC=CC=C2C=C1)O,O=[C]O,C12=CC=CC=C1C=[C]C=C2,104.8,2.0,Der,gas,C-C,00573,00445,00188
00721,O=C(C(F)(F)F)C1=CC=CC=C1,F[C](F)F,O=[C]C1=CC=CC=C1,73.8,2.0,VLPP,gas,C-C,00574,00385,00463
00722,COC(C(F)(F)C(F)(F)F)=O,CO[C]=O,F[C](F)C(F)(F)F,87.5,2.5,Der.,gas,C-C,00575,00452,00409
00723,O=C(Cl)C(Cl)(Cl)Cl,Cl[C](Cl)Cl,Cl[C]=O,69.1,1.5,Der.,gas,C-C,00576,00405,00455
00724,O=C(C1=CC=CC=C1)C2=CC=CC=C2,C1=CC=C[C]=C1,O=[C]C1=CC=CC=C1,94.7,4.0,Der.,gas,C-C,00577,00153,00463
00725,O=C(CC1=CC=CC=C1)C2=CC=CC=C2,[CH2]C1=CC=CC=C1,O=[C]C1=CC=CC=C1,72.5,3.5,Der.,gas,C-C,00578,00155,00463
00726,O=C(C(C1=CC=CC=C1)=O)C2=CC=CC=C2,O=[C]C1=CC=CC=C1,O=[C]C1=CC=CC=C1,68.9,4.0,Rev.,gas,C-C,00579,00463,00463
00727,O=C(CC1=CC=CC=C1)CC2=CC=CC=C2,O=[C]CC1=CC=CC=C1,[CH2]C1=CC=CC=C1,65.4,,Rev.,gas,C-C,00580,00465,00155
00728,FC1=C(C(O)=O)C(F)=C(F)C(F)=C1F,FC1=[C]C(F)=C(F)C(F)=C1F,O[C]=O,97.1,2.5,Der.,gas,C-C,00581,00418,00445
00729,O=C(C(C1=CC=CC=C1)C2=CC=CC=C2)O,O=[C]O,C1([CH]C2=CC=CC=C2)=CC=CC=C1,59.4,3.0,Rev.,gas,C-C,00582,00445,00239
00730,OC1=C(C2=CC=CC(C(C)(C)C)=C2O)C=CC=C1C(C)(C)C,[O]C1=C(C2=CC=CC(C(C)(C)C)=C2O)C=CC=C1C(C)(C)C,[H],83.1,,EPR,gas,O-H,00583,00466,00002
00731,O=C1OC2=CC=CC=C2C1(C3(C4=CC=CC=C4)C(C=CC=C5)=C5OC3=O)C6=CC=CC=C6,O=C1OC2=CC=CC=C2[C]1C3=CC=CC=C3,O=C1OC2=CC=CC=C2[C]1C3=CC=CC=C3,23.6,,UV,gas,C-C,00584,00467,00467
00732,O=C1C(C(C)(C)C)=CC(C2(OC)C=C(C(C)(C)C)C(C(C(C)(C)C)=C2)=O)(OC)C=C1C(C)(C)C,O=C1C(C(C)(C)C)=C[C](OC)C=C1C(C)(C)C,O=C1C(C(C)(C)C)=C[C](OC)C=C1C(C)(C)C,6.1,0.5,UV,gas,C-C,00585,00468,00468
00733,CC1=CC(C(C2=CC=CC=C2O3)(C(C4=CC=CC=C4O5)(C6=CC=C(C)C(C)=C6)C5=O)C3=O)=CC=C1C,CC1=CC([C](C2=CC=CC=C2O3)C3=O)=CC=C1C,CC1=CC([C](C2=CC=CC=C2O3)C3=O)=CC=C1C,22.8,,UV,gas,C-C,00586,00469,00469
00734,CC#N,[CH3],N#[C],124.7,2.2,Der.,gas,C-C,00587,00001,00470
00735,CCN,[CH3],[CH2]N,82.2,,Der.,gas,C-C,00588,00001,00447
00736,C#CC#N,C#[C],[C]#N,155.5,2.5,Der.,gas,C-C,00589,00034,00470
00737,N#CC#N,N#[C],N#[C],136.7,1.6,Der.,gas,C-C,00590,00470,00470
00738,C=CC#N,C=[CH],N#[C],133.4,1.8,Der.,gas,C-C,00591,00035,00470
00739,O=CC#N,N#[C],O=[CH],108.8,2.0,Der.,gas,C-C,00592,00470,00439
00740,CCC#N,[CH3],N#C[CH2],83.2,3.0,Der.,gas,C-C,00593,00001,00471
00741,CCC#N,C[CH2],N#[C],121.1,1.8,Der.,gas,C-C,00593,00003,00470
00742,NC(C)=O,N[C]=O,[CH3],88.5,1.5,Der.,gas,C-C,00594,00472,00001
00743,NCCC,N[CH2],C[CH2],81.5,2.3,Der.,gas,C-C,00595,00447,00003
00744,CC(N)C,[CH3],N[C]C,83.1,2.3,Der.,gas,C-C,00596,00001,00473
00745,NCCC,[NH2],CC[CH2],81.6,2.1,Der.,gas,C-N,00595,00474,00005
00746,NCCN,N[CH2],N[CH2],68.4,3.0,Der.,gas,C-C,00597,00447,00447
00747,N#CCC#N,N#C[CH2],N#[C],101.9,3.0,Der.,gas,C-C,00598,00471,00470
00748,N#CCC=C,N#C[CH2],C=[CH],110.4,2.0,Der.,gas,C-C,00599,00471,00035
00749,N#CC=CC,N#[C],CC=[CH],131.0,,PD,gas,C-C,00600,00470,00431
00750,N#CCC=C,N#[C],C=C[CH2],108.1,2.0,Der.,gas,C-C,00599,00470,00039
00751,CC(C)C#N,N#[C],C[CH]C,120.4,2.0,Der.,gas,C-C,00601,00470,00004
00752,N#CCCC,N#[C],CC[CH2],120.8,2.0,Der.,gas,C-C,00602,00470,00005
00753,N#CCCC,N#C[CH2],C[CH2],80.8,2.0,Der.,gas,C-C,00602,00471,00003
00754,CC(C)C#N,C[CH]C#N,[CH3],79.5,2.0,Der.,gas,C-C,00601,00475,00001
00755,S=CC#N,[CH]=S,N#[C],126.7,2.0,Der.,gas,C-C,00603,00476,00470
00756,N#CCOC,N#[C],CO[CH2],113.5,,Der.,gas,C-C,00604,00470,00446
00757,O=C(N)CC,C[CH2],O=[C]N,86.7,1.5,Der.,gas,C-C,00605,00003,00472
00758,CC(C)CN,NC[CH]C,[CH3],73.4,2.5,Der.,gas,C-C,00606,00477,00001
00759,NC(C)CN,C[CH]N,N[CH2],75.8,3.0,Der.,gas,C-C,00607,00457,00447
00760,CC[N+]([O-])=O,[CH2][N+]([O-])=O,[CH3],87.1,,Der.,gas,C-C,00608,00478,00001
00761,O=C(O)CN,N[CH2],O=[C]O,83.1,2.5,Der.,gas,C-C,00502,00447,00445
00762,N#CC#CC#N,N#C[C],N#C[C],138.5,,Der.,gas,C-C,00609,00430,00430
